tissue,gene,n_pairs,frac_pos_slope,top_variant,top_p,top_slope
Whole_Blood,IL4,0,,,,
Whole_Blood,IL13,0,,,,
Whole_Blood,IL5,0,,,,
Whole_Blood,RAD50,0,,,,
Whole_Blood,IL4R,108,0.23148148148148148,chr16_27314947_G_T_b38,3.6191e-20,0.156016
Whole_Blood,GATA3,2,1.0,chr10_8487232_G_A_b38,1.68505e-05,0.361834
Whole_Blood,STAT6,0,,,,
Whole_Blood,IL18,0,,,,
Whole_Blood,TNFSF14,0,,,,
Whole_Blood,IL33,1,0.0,chr9_6878721_A_AT_b38,1.84454e-05,-0.552588
Whole_Blood,TSLP,0,,,,
Lung,IL4,71,0.5211267605633803,chr5_133626561_C_G_b38,2.83351e-05,-0.872499
Lung,IL13,0,,,,
Lung,IL5,0,,,,
Lung,RAD50,269,0.8550185873605948,chr5_132496995_C_T_b38,8.25281e-18,-0.190673
Lung,IL4R,103,0.1553398058252427,chr16_27252452_T_C_b38,1.04376e-07,-0.12132
Lung,GATA3,0,,,,
Lung,STAT6,0,,,,
Lung,IL18,134,0.48507462686567165,chr11_112155192_T_C_b38,1.20035e-22,-0.487168
Lung,TNFSF14,0,,,,
Lung,IL33,0,,,,
Lung,TSLP,29,0.0,chr5_111071044_C_T_b38,5.05852e-06,-0.160549
Skin_Sun_Exposed_Lower_leg,IL4,0,,,,
Skin_Sun_Exposed_Lower_leg,IL13,0,,,,
Skin_Sun_Exposed_Lower_leg,IL5,0,,,,
Skin_Sun_Exposed_Lower_leg,RAD50,6,0.0,chr5_132433145_C_T_b38,9.79571e-09,-0.600655
Skin_Sun_Exposed_Lower_leg,IL4R,0,,,,
Skin_Sun_Exposed_Lower_leg,GATA3,0,,,,
Skin_Sun_Exposed_Lower_leg,STAT6,0,,,,
Skin_Sun_Exposed_Lower_leg,IL18,229,0.2096069868995633,chr11_112155192_T_C_b38,3.10783e-14,-0.210603
Skin_Sun_Exposed_Lower_leg,TNFSF14,0,,,,
Skin_Sun_Exposed_Lower_leg,IL33,118,0.6949152542372882,chr9_6535956_G_C_b38,4.24088e-08,-0.170871
Skin_Sun_Exposed_Lower_leg,TSLP,267,0.352059925093633,chr5_111086186_A_G_b38,8.02611e-40,-0.591373
Skin_Not_Sun_Exposed_Suprapubic,IL4,0,,,,
Skin_Not_Sun_Exposed_Suprapubic,IL13,2,1.0,chr5_133473554_C_T_b38,3.78453e-05,0.556192
Skin_Not_Sun_Exposed_Suprapubic,IL5,0,,,,
Skin_Not_Sun_Exposed_Suprapubic,RAD50,41,0.14634146341463414,chr5_132728941_G_A_b38,5.01348e-07,-0.627339
Skin_Not_Sun_Exposed_Suprapubic,IL4R,0,,,,
Skin_Not_Sun_Exposed_Suprapubic,GATA3,5,0.4,chr10_8477232_G_T_b38,2.05747e-05,-0.192278
Skin_Not_Sun_Exposed_Suprapubic,STAT6,12,0.0,chr12_57098080_G_A_b38,5.38637e-06,-0.17371
Skin_Not_Sun_Exposed_Suprapubic,IL18,79,0.5189873417721519,chr11_112178468_T_C_b38,2.97796e-14,-0.233461
Skin_Not_Sun_Exposed_Suprapubic,TNFSF14,0,,,,
Skin_Not_Sun_Exposed_Suprapubic,IL33,370,0.33513513513513515,chr9_6538279_G_C_b38,3.25645e-13,-0.285094
Skin_Not_Sun_Exposed_Suprapubic,TSLP,350,0.25142857142857145,chr5_111069977_A_G_b38,1.85853e-36,-0.542159
Spleen,IL4,0,,,,
Spleen,IL13,0,,,,
Spleen,IL5,0,,,,
Spleen,RAD50,103,0.6407766990291263,chr5_132424726_A_G_b38,1.64959e-06,-0.395302
Spleen,IL4R,0,,,,
Spleen,GATA3,0,,,,
Spleen,STAT6,0,,,,
Spleen,IL18,4,0.25,chr11_113045890_T_C_b38,4.34747e-05,0.92741
Spleen,TNFSF14,9,0.8888888888888888,chr19_6508345_A_G_b38,1.86238e-05,-0.624828
Spleen,IL33,0,,,,
Spleen,TSLP,182,0.5274725274725275,chr5_111073007_C_T_b38,7.9722e-21,-0.81165
Small_Intestine_Terminal_Ileum,IL4,0,,,,
Small_Intestine_Terminal_Ileum,IL13,0,,,,
Small_Intestine_Terminal_Ileum,IL5,0,,,,
Small_Intestine_Terminal_Ileum,RAD50,0,,,,
Small_Intestine_Terminal_Ileum,IL4R,0,,,,
Small_Intestine_Terminal_Ileum,GATA3,0,,,,
Small_Intestine_Terminal_Ileum,STAT6,0,,,,
Small_Intestine_Terminal_Ileum,IL18,0,,,,
Small_Intestine_Terminal_Ileum,TNFSF14,0,,,,
Small_Intestine_Terminal_Ileum,IL33,0,,,,
Small_Intestine_Terminal_Ileum,TSLP,0,,,,
Colon_Sigmoid,IL4,0,,,,
Colon_Sigmoid,IL13,0,,,,
Colon_Sigmoid,IL5,0,,,,
Colon_Sigmoid,RAD50,0,,,,
Colon_Sigmoid,IL4R,0,,,,
Colon_Sigmoid,GATA3,5,1.0,chr10_7575133_T_C_b38,2.18012e-07,0.400546
Colon_Sigmoid,STAT6,0,,,,
Colon_Sigmoid,IL18,0,,,,
Colon_Sigmoid,TNFSF14,0,,,,
Colon_Sigmoid,IL33,0,,,,
Colon_Sigmoid,TSLP,139,0.460431654676259,chr5_111071044_C_T_b38,5.99502e-18,-0.544459
Colon_Transverse,IL4,0,,,,
Colon_Transverse,IL13,0,,,,
Colon_Transverse,IL5,0,,,,
Colon_Transverse,RAD50,0,,,,
Colon_Transverse,IL4R,0,,,,
Colon_Transverse,GATA3,0,,,,
Colon_Transverse,STAT6,0,,,,
Colon_Transverse,IL18,0,,,,
Colon_Transverse,TNFSF14,0,,,,
Colon_Transverse,IL33,0,,,,
Colon_Transverse,TSLP,0,,,,
Cells_Cultured_fibroblasts,IL4,0,,,,
Cells_Cultured_fibroblasts,IL13,0,,,,
Cells_Cultured_fibroblasts,IL5,0,,,,
Cells_Cultured_fibroblasts,RAD50,15,0.13333333333333333,chr5_132433145_C_T_b38,2.32523e-26,-1.49092
Cells_Cultured_fibroblasts,IL4R,41,0.36585365853658536,chr16_27321013_A_G_b38,1.83578e-10,0.200668
Cells_Cultured_fibroblasts,GATA3,174,0.3793103448275862,chr10_9020893_T_G_b38,3.53813e-58,-0.872583
Cells_Cultured_fibroblasts,STAT6,98,0.0,chr12_57099944_T_G_b38,3.23381e-09,-0.178311
Cells_Cultured_fibroblasts,IL18,0,,,,
Cells_Cultured_fibroblasts,TNFSF14,3,1.0,chr19_5720063_G_T_b38,7.13805e-06,0.675184
Cells_Cultured_fibroblasts,IL33,256,0.22265625,chr9_6108398_G_C_b38,1.19128e-16,-0.42265
Cells_Cultured_fibroblasts,TSLP,124,0.21774193548387097,chr5_111069977_A_G_b38,9.72018e-14,-0.223079
Esophagus_Mucosa,IL4,0,,,,
Esophagus_Mucosa,IL13,0,,,,
Esophagus_Mucosa,IL5,0,,,,
Esophagus_Mucosa,RAD50,28,0.5357142857142857,chr5_132374707_A_C_b38,1.5311e-05,-0.098775
Esophagus_Mucosa,IL4R,0,,,,
Esophagus_Mucosa,GATA3,0,,,,
Esophagus_Mucosa,STAT6,113,0.008849557522123894,chr12_57094031_A_C_b38,1.18622e-06,-0.153082
Esophagus_Mucosa,IL18,47,0.2765957446808511,chr11_112200571_G_A_b38,5.267e-11,-0.177086
Esophagus_Mucosa,TNFSF14,0,,,,
Esophagus_Mucosa,IL33,0,,,,
Esophagus_Mucosa,TSLP,385,0.2987012987012987,chr5_111071044_C_T_b38,3.51887e-41,-0.699201
