drug,pt,a,b,c,d,n_drug_reports,n_pt_reports,ror,ror_lower,ror_upper,signal_ror_gt2
tocilizumab,hypersensitivity,514,826,24397,1128280,1340,24911,28.788184465212343,25.768940148058345,32.1611816412069,True
tocilizumab,anaphylaxis,21,1319,9675,1143002,1340,9696,1.9248763136809552,1.256409212430736,2.9489984523447945,False
tocilizumab,urticaria,173,1167,35444,1117233,1340,35617,4.684224324767711,3.9923309138552225,5.4960267568494485,True
tocilizumab,angioedema,2,1338,4671,1148006,1340,4673,0.45899676748958695,0.13268004105219194,1.5878652953010182,False
tocilizumab,pruritus,79,1261,50297,1102380,1340,50376,1.3812268016006308,1.1009269141484594,1.7328920321069052,False
tocilizumab,rash,512,828,68487,1084190,1340,68999,9.792546468366682,8.768826537065427,10.935780965649323,True
tocilizumab,eczema,0,1340,3161,1149516,1340,3161,0.13562045882237944,0.008476223594080347,2.1699414423232075,False
tocilizumab,allergic_rhinitis,0,1340,2766,1149911,1340,2766,0.15503756141392463,0.009689481460470393,2.4806947149068126,False
tocilizumab,asthma,77,1263,15422,1137255,1340,15499,4.523032654368001,3.5939988030570365,5.692217920350427,True
tocilizumab,bronchospasm,0,1340,1993,1150684,1340,1993,0.21529959312936758,0.013454409660599057,3.4452581697001285,False
tocilizumab,wheezing,70,1270,8941,1143736,1340,9011,7.0979027987309085,5.579373855077089,9.029727250556501,True
sarilumab,hypersensitivity,28,146,24883,1128960,174,24911,8.826215282671173,5.907734139067695,13.1864559884125,True
sarilumab,anaphylaxis,0,174,9696,1144147,174,9696,0.338097210215425,0.0210612446557811,5.427491367376355,False
sarilumab,urticaria,13,161,35604,1118239,174,35617,2.6253739971905836,1.506562317493863,4.575043823338253,True
sarilumab,angioedema,0,174,4673,1149170,174,4673,0.7045580718941125,0.04388599332957547,11.311173315441765,False
sarilumab,pruritus,15,159,50361,1103482,174,50376,2.129304657109661,1.2639598275556196,3.587090526094572,True
sarilumab,rash,25,149,68974,1084869,174,68999,2.6827977069030235,1.7627099808368532,4.0831467538109285,True
sarilumab,eczema,0,174,3161,1150682,174,3161,1.042886138611618,0.06495540309488677,16.74397273032806,False
sarilumab,allergic_rhinitis,0,174,2766,1151077,174,2766,1.1921982043658859,0.07425287599658234,19.141838473147672,False
sarilumab,asthma,2,172,15497,1138346,174,15499,1.0645443047148793,0.305404844628973,3.7106633919892196,False
sarilumab,bronchospasm,0,174,1993,1151850,174,1993,1.6555963040339556,0.10310438767811929,26.584699096298376,False
sarilumab,wheezing,10,164,9001,1144842,174,9011,8.118097338386864,4.348697202180053,15.154769654342847,True
anakinra,hypersensitivity,168,1027,24743,1128079,1195,24911,7.476470956982141,6.349467715845752,8.803512431616774,True
anakinra,anaphylaxis,7,1188,9689,1143133,1195,9696,0.7444879321180978,0.3630254020237422,1.526786494773256,False
anakinra,urticaria,66,1129,35551,1117271,1195,35617,1.8502746612463772,1.4445299317684313,2.3699864203293024,False
anakinra,angioedema,8,1187,4665,1148157,1195,4673,1.761524065226833,0.8966324616738205,3.4606900430313376,False
anakinra,pruritus,26,1169,50350,1102472,1195,50376,0.4961461497357564,0.3375566564154806,0.7292435128123471,False
anakinra,rash,146,1049,68853,1083969,1195,68999,2.197587736192087,1.8484028054466193,2.6127377885552177,True
anakinra,eczema,2,1193,3159,1149663,1195,3161,0.7622017982221976,0.2202602322413389,2.6375690940732484,False
anakinra,allergic_rhinitis,1,1194,2765,1150057,1195,2766,0.5222169893818918,0.10524707412243196,2.591146464383872,False
anakinra,asthma,3,1192,15496,1137326,1195,15499,0.21540768555231346,0.0754305457585437,0.6151416581756437,False
anakinra,bronchospasm,0,1195,1993,1150829,1195,1993,0.241443306387751,0.015087225674556781,3.863856182502682,False
anakinra,wheezing,2,1193,9009,1143813,1195,9011,0.2659329270576538,0.07687344631423469,0.9199577368285115,False
canakinumab,hypersensitivity,3,61,24908,1129045,64,24911,2.5796263103446417,0.8785418085137141,7.574451023884805,False
canakinumab,anaphylaxis,2,62,9694,1144259,64,9696,4.721272886688328,1.3334350793200633,16.716537622472423,True
canakinumab,urticaria,1,63,35616,1118337,64,35617,0.7417186208595039,0.14690866052902418,3.7448201525262292,False
canakinumab,angioedema,1,63,4672,1149281,64,4673,5.8102475954550625,1.1505541896355944,29.34149249518055,True
canakinumab,pruritus,2,62,50374,1103579,64,50376,0.8763001121599222,0.2475258626504491,3.102309707555317,False
canakinumab,rash,9,55,68990,1084963,64,68999,2.6918847228672496,1.3525811696640802,5.35734455256813,True
canakinumab,eczema,0,64,3161,1150792,64,3161,2.821721364233198,0.17456583980360768,45.61093663186163,False
canakinumab,allergic_rhinitis,0,64,2766,1151187,64,2766,3.2257126725201997,0.19955254830947947,52.142768076909185,False
canakinumab,asthma,0,64,15499,1138454,64,15499,0.5693879597516399,0.03523131814677143,9.202115213502022,False
canakinumab,bronchospasm,0,64,1993,1151960,64,1993,4.47952162357118,0.2770902345533585,72.41725428680782,False
canakinumab,wheezing,0,64,9011,1144942,64,9011,0.9849107535719862,0.06094015693319639,15.918061936813213,False
infliximab,hypersensitivity,750,4786,24161,1124320,5536,24911,7.296235947992114,6.748770594714865,7.888112103034312,True
infliximab,anaphylaxis,56,5480,9640,1138841,5536,9696,1.2178449271944978,0.9363388615807631,1.583984524779274,False
infliximab,urticaria,234,5302,35383,1113098,5536,35617,1.3912173268282781,1.2201325211718526,1.5862913387541877,False
infliximab,angioedema,7,5529,4666,1143815,5536,4673,0.33246054177312423,0.1623522435961909,0.680803722743703,False
infliximab,pruritus,245,5291,50131,1098350,5536,50376,1.016489621052184,0.8941169155085505,1.1556107839869312,False
infliximab,rash,477,5059,68522,1079959,5536,68999,1.4874420172503666,1.3537903330974723,1.6342883388889895,False
infliximab,eczema,40,5496,3121,1145360,5536,3161,2.7036324675267336,1.980777969176535,3.690281613190353,True
infliximab,allergic_rhinitis,20,5516,2746,1145735,5536,2766,1.5502259585046723,1.0030968775090834,2.3957810818725913,False
infliximab,asthma,110,5426,15389,1133092,5536,15499,1.4992819953349508,1.241067153618284,1.8112206861506572,False
infliximab,bronchospasm,4,5532,1989,1146492,5536,1993,0.46872526766427497,0.18579474441591168,1.1825058735522047,False
infliximab,wheezing,157,5379,8854,1139627,5536,9011,3.7682310561626804,3.2116524687023507,4.421264576726187,True
adalimumab,hypersensitivity,710,6860,24201,1122246,7570,24911,4.802355311139057,4.44072865874148,5.193430697240922,True
adalimumab,anaphylaxis,44,7526,9652,1136795,7570,9696,0.6963209798657882,0.5182443096569667,0.935587517250675,False
adalimumab,urticaria,269,7301,35348,1111099,7570,35617,1.1601887307728096,1.0269020500953483,1.310775346964438,False
adalimumab,angioedema,9,7561,4664,1141783,7570,4673,0.3075348335098223,0.16265503019138497,0.5814617212306995,False
adalimumab,pruritus,373,7197,50003,1096444,7570,50376,1.1378766410977839,1.025072516413482,1.2630942978415667,False
adalimumab,rash,762,6808,68237,1078210,7570,68999,1.769574517742287,1.641304152212642,1.907869403499294,False
adalimumab,eczema,33,7537,3128,1143319,7570,3161,1.6242352565127058,1.1546991186199873,2.2846992138106152,False
adalimumab,allergic_rhinitis,26,7544,2740,1143707,7570,2766,1.4658872711324715,0.9992112585086967,2.150521697358859,False
adalimumab,asthma,113,7457,15386,1131061,7570,15499,1.1187910360967372,0.9288554731550438,1.347565276435077,False
adalimumab,bronchospasm,11,7559,1982,1144465,7570,1993,0.8782017098984458,0.4916606976252518,1.568639199744208,False
adalimumab,wheezing,183,7387,8828,1137619,7570,9011,3.2007273513416545,2.7605031452815547,3.711155191088061,True
etanercept,hypersensitivity,149,1656,24762,1127450,1805,24911,4.109157119407691,3.474209196138784,4.860148390242301,True
etanercept,anaphylaxis,23,1782,9673,1142539,1805,9696,1.5571337261155986,1.0360148057939533,2.3403772102933393,False
etanercept,urticaria,42,1763,35575,1116637,1805,35617,0.7564403067314196,0.5579051978439998,1.0256257512193352,False
etanercept,angioedema,1,1804,4672,1147540,1805,4673,0.20415173943151751,0.04116578464657408,1.0124411102748836,False
etanercept,pruritus,67,1738,50309,1101903,1805,50376,0.850398801050488,0.6667335418986365,1.0846583760713995,False
etanercept,rash,116,1689,68883,1083329,1805,68999,1.084458889464097,0.8986840930972063,1.3086368079405792,False
etanercept,eczema,5,1800,3156,1149056,1805,3161,1.1120009388947303,0.4811433811490759,2.5700157926928524,False
etanercept,allergic_rhinitis,4,1801,2762,1149450,1805,2766,1.0393605630300542,0.4117851517105885,2.623383518066695,False
etanercept,asthma,15,1790,15484,1136728,1805,15499,0.6355020197522292,0.38535814454625694,1.0480194147309234,False
etanercept,bronchospasm,0,1805,1993,1150219,1805,1993,0.15978536446719632,0.00998656744801807,2.5565703962658075,False
etanercept,wheezing,17,1788,8994,1143218,1805,9011,1.2436590136242207,0.7763007038341927,1.9923822489527476,False
certolizumab,hypersensitivity,346,5354,24565,1123752,5700,24911,2.960256741863569,2.653542059634445,3.3024236212618887,True
certolizumab,anaphylaxis,26,5674,9670,1138647,5700,9696,0.5498682468471022,0.3752235998722597,0.8057997657760302,False
certolizumab,urticaria,152,5548,35465,1112852,5700,35617,0.8624338065339654,0.7340145704476271,1.0133205805425298,False
certolizumab,angioedema,5,5695,4668,1143649,5700,4673,0.2365627796604643,0.10246993718756,0.5461304091389573,False
certolizumab,pruritus,199,5501,50177,1098140,5700,50376,0.7936164695853215,0.6888731149851652,0.914286081277294,False
certolizumab,rash,403,5297,68596,1079721,5700,68999,1.1988983590758064,1.0831651527898722,1.3269973389491974,False
certolizumab,eczema,27,5673,3134,1145183,5700,3161,1.7708771837535633,1.2155254559405455,2.579959131758687,False
certolizumab,allergic_rhinitis,14,5686,2752,1145565,5700,2766,1.0612447553933089,0.632996724635501,1.7792199975415794,False
certolizumab,asthma,75,5625,15424,1132893,5700,15499,0.9857432520597958,0.7850610158453519,1.23772514412158,False
certolizumab,bronchospasm,3,5697,1990,1146327,5700,1993,0.3537775252987011,0.12393539886507948,1.0098691621005322,False
certolizumab,wheezing,76,5624,8935,1139382,5700,9011,1.7343158759207336,1.3827088218883044,2.17533258619339,False
golimumab,hypersensitivity,280,340,24631,1128766,620,24911,37.75104699660663,32.216097163873144,44.23693975377451,True
golimumab,anaphylaxis,2,618,9694,1143703,620,9696,0.47685719507010305,0.13768116501133612,1.6515896308068259,False
golimumab,urticaria,66,554,35551,1117846,620,35617,3.77089410684486,2.9233729359474387,4.864121915539605,True
golimumab,angioedema,2,618,4671,1148726,620,4673,0.9939409676540982,0.28692759173801363,3.443093922048489,False
golimumab,pruritus,45,575,50331,1103066,620,50376,1.7327180135406857,1.2811029516794208,2.3435366459132694,False
golimumab,rash,233,387,68766,1084631,620,68999,9.504307315804324,8.078336698299958,11.18198719945177,True
golimumab,eczema,0,620,3161,1150236,620,3161,0.2931717889602226,0.018312134219003882,4.6935926099176815,False
golimumab,allergic_rhinitis,0,620,2766,1150631,620,2766,0.3351458169159536,0.020933266577445712,5.3657520760416135,False
golimumab,asthma,32,588,15467,1137930,620,15499,4.062866077486724,2.8529680422505805,5.785862483959271,True
golimumab,bronchospasm,0,620,1993,1151404,620,1993,0.46541449072903535,0.029067048916635797,7.4521031977413985,False
golimumab,wheezing,75,545,8936,1144461,620,9011,17.72498696501228,13.921048189854638,22.568355387119446,True
ruxolitinib,hypersensitivity,3,221,24908,1128885,224,24911,0.7161378591468703,0.24910865517519173,2.0587539720078616,False
ruxolitinib,anaphylaxis,0,224,9696,1144097,224,9696,0.26278567898756205,0.016384294661080483,4.2147870573270065,False
ruxolitinib,urticaria,0,224,35617,1118176,224,35617,0.06991986591011307,0.004359625646569782,1.1213778533335224,False
ruxolitinib,angioedema,0,224,4673,1149120,224,4673,0.5476170790003724,0.03414048778970846,8.783836571406551,False
ruxolitinib,pruritus,3,221,50373,1103420,224,50376,0.346125212159525,0.12040414420505241,0.9950044766602731,False
ruxolitinib,rash,3,221,68996,1084797,224,68999,0.24843680116662442,0.08642280334445482,0.7141731323838744,False
ruxolitinib,eczema,0,224,3161,1150632,224,3161,0.810582287523155,0.050531138862391925,13.002747605502298,False
ruxolitinib,allergic_rhinitis,0,224,2766,1151027,224,2766,0.9266349664716701,0.05776397694074694,14.864841490549384,False
ruxolitinib,asthma,1,223,15498,1138295,224,15499,0.49292299990927896,0.09894658681613303,2.4555984360639598,False
ruxolitinib,bronchospasm,0,224,1993,1151800,224,1993,1.2868107541045144,0.08020860313088053,20.644692118338494,False
ruxolitinib,wheezing,1,223,9010,1144783,224,9011,0.8526841727157243,0.1711535077023565,4.24805958207007,False
tofacitinib,hypersensitivity,398,992,24513,1128114,1390,24911,18.477604542071326,16.438675367496604,20.769427096799525,True
tofacitinib,anaphylaxis,52,1338,9644,1142983,1390,9696,4.648375157080766,3.5255296215164567,6.128835641911732,True
tofacitinib,urticaria,100,1290,35517,1117110,1390,35617,2.449411754310614,1.9988882412270772,3.00147743051005,True
tofacitinib,angioedema,0,1390,4673,1147954,1390,4673,0.08832455111672471,0.005520742537704192,1.4130755558137416,False
tofacitinib,pruritus,79,1311,50297,1102330,1390,50376,1.3285082580604988,1.0591780223427012,1.6663244086496816,False
tofacitinib,rash,384,1006,68615,1084012,1390,68999,6.035241078221139,5.364780907733519,6.789491593168548,True
tofacitinib,eczema,12,1378,3149,1149478,1390,3161,3.3095007394475626,1.8942457571093803,5.782140518618837,True
tofacitinib,allergic_rhinitis,12,1378,2754,1149873,1390,2766,3.785389134395637,2.166288582343059,6.614617745573912,True
tofacitinib,asthma,40,1350,15459,1137168,1390,15499,2.205920273774548,1.6131259860017184,3.016555617153385,True
tofacitinib,bronchospasm,0,1390,1993,1150634,1390,1993,0.20754876938687916,0.012970289534419002,3.321166544485897,False
tofacitinib,wheezing,99,1291,8912,1143715,1390,9011,9.886603886996594,8.054233530156761,12.135845832182337,True
baricitinib,hypersensitivity,1,65,24910,1129041,66,24911,1.0379523579912269,0.20569664268774043,5.237543420166662,False
baricitinib,anaphylaxis,0,66,9696,1144255,66,9696,0.8872711609374594,0.05491679664245836,14.335324730551605,False
baricitinib,urticaria,0,66,35617,1118334,66,35617,0.23607861515232595,0.014612616147478663,3.8140406871535104,False
baricitinib,angioedema,0,66,4673,1149278,66,4673,1.8489765121051265,0.11443186969998004,29.87554211322158,False
baricitinib,pruritus,5,61,50371,1103580,66,50376,1.9593260287446388,0.818925120915365,4.687801593661198,False
baricitinib,rash,4,62,68995,1084956,66,68999,1.132202361023545,0.4349590908603803,2.9471327608571984,False
baricitinib,eczema,0,66,3161,1150790,66,3161,2.7368528073306786,0.1693699505966439,44.224865524299446,False
baricitinib,allergic_rhinitis,0,66,2766,1151185,66,2766,3.1286933219548057,0.193612938160864,50.55820130528468,False
baricitinib,asthma,0,66,15499,1138452,66,15499,0.5522625396356468,0.03418267072334639,8.922471715368541,False
baricitinib,bronchospasm,0,66,1993,1151958,66,1993,4.344791625414175,0.26884274024188026,70.21656694648013,False
baricitinib,wheezing,0,66,9011,1144940,66,9011,0.9552877088131748,0.05912629560464921,15.43432743886914,False
upadacitinib,hypersensitivity,0,1,24911,1129105,1,24911,15.108223109808723,0.6154189358844648,370.89922364463985,False
upadacitinib,anaphylaxis,0,1,9696,1144320,1,9696,39.33792261812682,1.60233188086141,965.7625704094556,True
upadacitinib,urticaria,0,1,35617,1118399,1,35617,10.466760253620645,0.4263564961252593,256.95180254644794,False
upadacitinib,angioedema,0,1,4673,1149343,1,4673,81.97592810527442,3.3388622909461936,2012.6774341498037,True
upadacitinib,pruritus,0,1,50376,1103640,1,50376,7.302614645056061,0.2974686019603688,179.2733091921146,False
upadacitinib,rash,0,1,68999,1085017,1,68999,5.2416684178870865,0.21351760304833753,128.6783263338476,False
upadacitinib,eczema,0,1,3161,1150855,1,3161,121.34066107860193,4.941876091685719,2979.3454465123586,True
upadacitinib,allergic_rhinitis,0,1,2766,1151250,1,2766,138.7132357370926,5.649260846717647,3405.996340182076,True
upadacitinib,asthma,0,1,15499,1138517,1,15499,24.485037151736076,0.9973598507229869,601.1040487415902,False
upadacitinib,bronchospasm,0,1,1993,1152023,1,1993,192.6299640498286,7.844423671157325,4730.277787808946,True
upadacitinib,wheezing,0,1,9011,1145005,1,9011,42.35349275925207,1.7251554722015643,1039.8009789916664,True
abatacept,hypersensitivity,89,1712,24822,1127394,1801,24911,2.373683700257228,1.918508192841424,2.936851836176943,True
abatacept,anaphylaxis,10,1791,9686,1142530,1801,9696,0.6913109026881948,0.376764747476037,1.2684593433358913,False
abatacept,urticaria,27,1774,35590,1116626,1801,35617,0.48621743871556644,0.33357435024828375,0.7087097600135157,False
abatacept,angioedema,3,1798,4670,1147546,1801,4673,0.47815039457193165,0.16747743721405395,1.365125975369944,False
abatacept,pruritus,85,1716,50291,1101925,1801,50376,1.0913899521860957,0.8781691293466852,1.3563811205922394,False
abatacept,rash,111,1690,68888,1083328,1801,68999,1.0372253740096284,0.8562041378530655,1.2565186605931116,False
abatacept,eczema,8,1793,3153,1149063,1801,3161,1.7269061608368645,0.8794663818139627,3.3909253952212555,False
abatacept,allergic_rhinitis,3,1798,2763,1149453,1801,2766,0.8094490921032187,0.2834417745973907,2.3116135002943796,False
abatacept,asthma,28,1773,15471,1136745,1801,15499,1.1807133920796062,0.815217032261723,1.710077266624826,False
abatacept,bronchospasm,1,1800,1992,1150224,1801,1993,0.4809306072445372,0.09694270648208214,2.385886028747808,False
abatacept,wheezing,19,1782,8992,1143224,1801,9011,1.3907726752190641,0.8896773059942471,2.1741013523711255,False
methotrexate,hypersensitivity,5929,94497,18982,1034609,100426,24911,3.4199582760478706,3.3191812233412485,3.5237951238270893,True
methotrexate,anaphylaxis,573,99853,9123,1044468,100426,9696,0.6575124800392996,0.6041585791182027,0.7155781219533872,False
methotrexate,urticaria,1782,98644,33835,1019756,100426,35617,0.544603648239596,0.5190400297153033,0.5714263191580055,False
methotrexate,angioedema,138,100288,4535,1049056,100426,4673,0.31942753160659226,0.26970742574943934,0.37831345453228626,False
methotrexate,pruritus,4377,96049,45999,1007592,100426,50376,0.9983041153951112,0.9671540389664762,1.030457472813553,False
methotrexate,rash,5732,94694,63267,990324,100426,68999,0.9475805934471808,0.9215597167954035,0.9743361875669498,False
methotrexate,eczema,326,100100,2835,1050756,100426,3161,1.2087023666237473,1.0776878374595937,1.35564433437955,False
methotrexate,allergic_rhinitis,275,100151,2491,1051100,100426,2766,1.1605062831115296,1.0245412771434657,1.3145149572658457,False
methotrexate,asthma,741,99685,14758,1038833,100426,15499,0.5235798090567896,0.4862095034458301,0.5638224150476451,False
methotrexate,bronchospasm,67,100359,1926,1051665,100426,1993,0.3671587626650373,0.2880116726718994,0.4680558803437476,False
methotrexate,wheezing,507,99919,8504,1045087,100426,9011,0.6241509879030726,0.5705468913583464,0.682791303573514,False
azathioprine,hypersensitivity,811,11147,24100,1117959,11958,24911,3.376844491165771,3.141009280145609,3.630386828079667,True
azathioprine,anaphylaxis,134,11824,9562,1132497,11958,9696,1.3471169558496718,1.135209693900682,1.5985805111495592,False
azathioprine,urticaria,307,11651,35310,1106749,11958,35617,0.8271966135398975,0.7382705413935875,0.9268339979545307,False
azathioprine,angioedema,33,11925,4640,1137419,11958,4673,0.6885319582144708,0.4899124176072341,0.9676755282057856,False
azathioprine,pruritus,465,11493,49911,1092148,11958,50376,0.8862341004909006,0.8074510942384993,0.972703964954844,False
azathioprine,rash,810,11148,68189,1073870,11958,68999,1.144909047039013,1.0656676441336335,1.2300427184851324,False
azathioprine,eczema,54,11904,3107,1138952,11958,3161,1.6779531000044028,1.282937838258194,2.1945931609881746,False
azathioprine,allergic_rhinitis,49,11909,2717,1139342,11958,2766,1.7425948060528396,1.3148046297655192,2.3095725321745206,False
azathioprine,asthma,168,11790,15331,1126728,11958,15499,1.050273275663738,0.9013602462159245,1.2237881115839588,False
azathioprine,bronchospasm,6,11952,1987,1140072,11958,1993,0.3119463705258893,0.14440026878207635,0.6738944387363499,False
azathioprine,wheezing,165,11793,8846,1133213,11958,9011,1.7976102862290777,1.5397468803007666,2.098658411001541,False
cyclosporine,hypersensitivity,28,1416,24883,1127690,1444,24911,0.9118150092314052,0.6291739304368329,1.3214257152746702,False
cyclosporine,anaphylaxis,17,1427,9679,1142894,1444,9696,1.4474885943888671,0.9030412431666054,2.3201855360877497,False
cyclosporine,urticaria,25,1419,35592,1116981,1444,35617,0.5637574187860845,0.38102816297501907,0.8341179422403635,False
cyclosporine,angioedema,8,1436,4665,1147908,1444,4673,1.455869250490983,0.741359100512743,2.8590129574982455,False
cyclosporine,pruritus,44,1400,50332,1102241,1444,50376,0.6958332125283324,0.5162176512960633,0.937945183474186,False
cyclosporine,rash,78,1366,68921,1083652,1444,68999,0.9032237259569229,0.7193559379246803,1.1340882254827869,False
cyclosporine,eczema,6,1438,3155,1149418,1444,3161,1.6459380636850862,0.7610992655732982,3.559472767913882,False
cyclosporine,allergic_rhinitis,0,1444,2766,1149807,1444,2766,0.14386227397877124,0.008991386936391284,2.301797711605277,False
cyclosporine,asthma,3,1441,15496,1137077,1444,15499,0.178159851901259,0.062403804614492873,0.5086377829935533,False
cyclosporine,bronchospasm,1,1443,1992,1150581,1444,1993,0.6000584109357093,0.1209357524495595,2.977366818673977,False
cyclosporine,wheezing,5,1439,9006,1143567,1444,9011,0.48512848011220794,0.2099386227625181,1.12104023127849,False
sirolimus,hypersensitivity,5,388,24906,1128718,393,24911,0.6415708262414945,0.2764926063510244,1.4886948715063497,False
sirolimus,anaphylaxis,3,390,9693,1143931,393,9696,1.0577095136219625,0.3691940939985854,3.030247323541138,False
sirolimus,urticaria,0,393,35617,1118007,393,35617,0.03988472037493526,0.0024901779861307293,0.6388261916404491,False
sirolimus,angioedema,1,392,4672,1148952,393,4673,0.939732749895206,0.18903832533481055,4.67152700205913,False
sirolimus,pruritus,0,393,50376,1103248,393,50376,0.02782727132040084,0.0017373884525393156,0.4457017243365613,False
sirolimus,rash,1,392,68998,1084626,393,68999,0.06007477592631133,0.012087637557784229,0.2985677462071483,False
sirolimus,eczema,0,393,3161,1150463,393,3161,0.462386266149619,0.028863041084213854,7.407433558368909,False
sirolimus,allergic_rhinitis,0,393,2766,1150858,393,2766,0.5285870545469243,0.032994389921301465,8.46823580920971,False
sirolimus,asthma,0,393,15499,1138125,393,15499,0.09330345656516444,0.005825196978529497,1.4944619107464299,False
sirolimus,bronchospasm,0,393,1993,1151631,393,1993,0.7340447942471228,0.0458146098164069,11.760915614484627,False
sirolimus,wheezing,0,393,9011,1144613,393,9011,0.16139387332337807,0.010075948940713121,2.5851641864790036,False
everolimus,hypersensitivity,1,61,24910,1129045,62,24911,1.105465370905892,0.218818153185657,5.584791154119857,False
everolimus,anaphylaxis,0,62,9696,1144259,62,9696,0.9440598153973083,0.058392871228985746,15.26297502229332,False
everolimus,urticaria,0,62,35617,1118338,62,35617,0.251188544956833,0.015537553604200609,4.060850679895507,False
everolimus,angioedema,1,61,4672,1149283,62,4673,5.999209176682457,1.1872513668632345,30.31414555510631,True
everolimus,pruritus,1,61,50375,1103580,62,50376,0.5343192139229508,0.10576681769782084,2.699306158410799,False
everolimus,rash,4,58,68995,1084960,62,68999,1.2096223666760875,0.4636831340421044,3.155573628930388,False
everolimus,eczema,0,62,3161,1150794,62,3161,2.912021508777479,0.18009058195275884,47.08668924067942,False
everolimus,allergic_rhinitis,0,62,2766,1151189,62,2766,3.3289412615217784,0.20586808227794895,53.829859393649265,False
everolimus,asthma,0,62,15499,1138456,62,15499,0.5876094067550566,0.03634633545131013,9.499852202970393,False
everolimus,bronchospasm,0,62,1993,1151962,62,1993,4.622874341610233,0.2858597211668679,74.76033031545266,False
everolimus,wheezing,0,62,9011,1144944,62,9011,1.0164296731953615,0.06286881926501667,16.433095016417994,False
temsirolimus,hypersensitivity,2,29,24909,1129077,31,24911,3.841286814199606,1.05619793616702,13.970377979048076,True
temsirolimus,anaphylaxis,2,29,9694,1144292,31,9696,10.002985267725627,2.7501571402503777,36.38327163269893,True
temsirolimus,urticaria,0,31,35617,1118369,31,35617,0.49840378536946234,0.030496740097986908,8.145340533856157,False
temsirolimus,angioedema,0,31,4673,1149313,31,4673,3.9035137324428004,0.23882088315569291,63.80270962081606,False
temsirolimus,pruritus,0,31,50376,1103610,31,50376,0.3477341018952683,0.021277559934082427,5.68293573114183,False
temsirolimus,rash,0,31,68999,1084987,31,68999,0.24959635663336416,0.015272649171982643,4.079078917031271,False
temsirolimus,eczema,0,31,3161,1150825,31,3161,5.777976096337634,0.35347750098962655,94.44733448771561,False
temsirolimus,allergic_rhinitis,0,31,2766,1151220,31,2766,6.605220050548082,0.40407300926042805,107.97289330464346,False
temsirolimus,asthma,0,31,15499,1138487,31,15499,1.1659234271254013,0.07133969344566793,19.0549941030394,False
temsirolimus,bronchospasm,0,31,1993,1151993,31,1993,9.17261655937352,0.5610789091932625,149.95554665611655,False
temsirolimus,wheezing,0,31,9011,1144975,31,9011,2.0167801460039154,0.12339736878907216,32.96182242157967,False
fisetin,hypersensitivity,0,0,24911,1129106,0,24911,45.32470947152921,0.8992737761082595,2284.4314415226754,False
fisetin,anaphylaxis,0,0,9696,1144321,0,9696,118.0138709843758,2.341405070637162,5948.2547122557025,True
fisetin,urticaria,0,0,35617,1118400,0,35617,31.40030883694813,0.6230076587417563,1582.6119971735736,False
fisetin,angioedema,0,0,4673,1149344,0,4673,245.9279982882208,4.878967071643009,12396.185392102712,True
fisetin,pruritus,0,0,50376,1103641,0,50376,21.907863785693728,0.43467158006934803,1104.1773091673906,False
fisetin,rash,0,0,68999,1085018,0,68999,15.725019746519902,0.3119992500777772,792.553975584231,False
fisetin,eczema,0,0,3161,1150856,0,3161,364.022299541357,7.221478539671158,18349.737361320425,True
fisetin,allergic_rhinitis,0,0,2766,1151251,0,2766,416.1400686788361,8.25520876387389,20977.36855763806,True
fisetin,asthma,0,0,15499,1138518,0,15499,73.45517597341849,1.457384404522484,3702.292175312375,True
fisetin,bronchospasm,0,0,1993,1152024,0,1993,577.8903937797843,11.463155289931086,29133.10504624261,True
fisetin,wheezing,0,0,9011,1145006,0,9011,127.06058924707318,2.5208830349794864,6404.26117189718,True
quercetin,hypersensitivity,11,75,24900,1129031,86,24911,6.906354708960205,3.7131633476991284,12.845579604121864,True
quercetin,anaphylaxis,10,76,9686,1144245,86,9696,16.213627617980553,8.503660223995224,30.9139492418517,True
quercetin,urticaria,7,79,35610,1118321,86,35617,2.9626663007227303,1.4011960873783849,6.264213616140239,True
quercetin,angioedema,8,78,4665,1149266,86,4673,26.672997412228398,13.135673377059021,54.1615774487254,True
quercetin,pruritus,9,77,50367,1103564,86,50376,2.6857725395760514,1.369098660082661,5.268702939133165,True
quercetin,rash,7,79,68992,1084939,86,68999,1.483534920735847,0.7016637806453242,3.136653083359323,False
quercetin,eczema,1,85,3160,1150771,86,3161,6.387904978392826,1.2708914884139166,32.10764285147684,True
quercetin,allergic_rhinitis,0,86,2766,1151165,86,2766,2.4052542339238348,0.14920218678383962,38.774551864913725,False
quercetin,asthma,4,82,15495,1138436,86,15499,4.007391588760373,1.5514517704896227,10.351070946020622,True
quercetin,bronchospasm,0,86,1993,1151938,86,1993,3.3401575351104964,0.20717583360809852,53.85112812172758,False
quercetin,wheezing,1,85,9010,1144921,86,9011,2.229215038595323,0.44361693972669064,11.202006152788393,False
dasatinib,hypersensitivity,11,572,24900,1128534,583,24911,0.910393444511777,0.5077520556417446,1.6323247037621194,False
dasatinib,anaphylaxis,0,583,9696,1143738,583,9696,0.10107433264531399,0.006313803355123584,1.618045438714114,False
dasatinib,urticaria,6,577,35611,1117823,583,35617,0.3533005687337855,0.1630664181727213,0.7654628909270857,False
dasatinib,angioedema,1,582,4672,1148762,583,4673,0.6331057667798758,0.1274835631115446,3.144114442261278,False
dasatinib,pruritus,15,568,50361,1103073,583,50376,0.5971824325779845,0.3605252565980596,0.9891868912178687,False
dasatinib,rash,38,545,68961,1084473,583,68999,1.1098856066111038,0.8003762611254032,1.539083702995399,False
dasatinib,eczema,1,582,3160,1150274,583,3161,0.9372188759723872,0.18869728864117102,4.654964720501527,False
dasatinib,allergic_rhinitis,0,583,2766,1150668,583,2766,0.35640902578607964,0.02225979473434255,5.706584233043429,False
dasatinib,asthma,6,577,15493,1137941,583,15499,0.8266692204537107,0.38151589957784177,1.7912281003274764,False
dasatinib,bronchospasm,0,583,1993,1151441,583,1993,0.49494253925944837,0.030909009239381634,7.925460025954927,False
dasatinib,wheezing,0,583,9011,1144423,583,9011,0.10882253139269203,0.006797772642165036,1.7420917059299803,False
