trait,source,outcome,cohort,n_snps,n_steiger_removed,mean_F,ivw_beta,ivw_se,ivw_p,ivw_or,ivw_lo,ivw_hi,ivw_re_beta,ivw_re_se,ivw_re_p,ivw_re_or,ivw_re_lo,ivw_re_hi,cochran_q,cochran_q_p,egger_beta,egger_se,egger_p,egger_or,egger_intercept,egger_int_p,wmed_beta,wmed_se,wmed_p,wmed_or
GrimAge,EAGLE_AD_GCST003184,L12_ATOPIC,"EAGLE AD (EUR, Paternoster 2015)",3,0,36.55020473098572,-0.06136276386179706,0.05407297639388044,0.2564533115666081,0.9404820050018445,0.8459070481344522,1.0456307270201421,-0.06136276386179706,0.06763730144113138,0.36428381541401444,0.9404820050018445,0.8237140181329579,1.0738027789512732,3.1292624486309637,0.2091651339677283,-0.06806868658404729,0.0940135724389142,0.46904705801818825,0.9341963046204715,-0.005295382802439013,0.8103631058281252,-0.09228661699687192,0.08691162927103002,0.2883063809296249,0.9118437621671184
GrimAge,BuduAggrey_AD_GCST90244787,L12_ATOPIC,Budu-Aggrey AD EUR meta 2023,5,0,35.839037266720574,0.02368369272527357,0.016722388958088738,0.1566916563620473,1.0239663786465114,0.9909490193357535,1.058083840984352,0.02368369272527357,0.03452191567498836,0.4926828125095919,1.0239663786465114,0.9569738029921918,1.0956487432780915,17.04720267547161,0.001892553566011479,0.02732289629395513,0.03983689595457485,0.4927956521231218,1.027699589583015,0.0029956623388010944,0.7122847256073543,-0.00012966642896862032,0.049017891924183446,0.9978893682080625,0.9998703419773595
GrimAge,HanY_asthma_GCST010042,ALLERG_ASTHMA,HanY UKBB asthma 2020,5,0,35.839037266720574,0.07387247488229015,0.015076548610295977,9.592124317059358e-07,1.0766694943370951,1.0453193529151816,1.1089598569119348,0.07387247488229015,0.07672623852436308,0.33564494098927566,1.0766694943370951,0.9263427683478692,1.2513912124596798,103.59622778916422,0.0,0.078557813628668,0.088221522490561,0.3732184707174535,1.081725891853555,0.005363200569376913,0.7648326075024287,-0.018117649717619443,0.13414626705105362,0.8925652909725825,0.9820454881871897
GrimAge,TAGC_asthma_GCST005212,ALLERG_ASTHMA,TAGC EUR asthma 2018,4,0,37.082747200684665,0.06216515084535253,0.03337329182261864,0.0625014482233548,1.0641380735191686,0.9967587630595337,1.1360721184303777,0.06216515084535253,0.13066063593807326,0.6342342090883071,1.0641380735191686,0.8237158130844827,1.3747336417796148,45.98463015452236,5.714323458860804e-10,0.0067046460044138095,0.1494149834224634,0.9642088183579085,1.0067271724592637,-0.02457549109951761,0.46943118368051534,-0.06814284232365146,0.14970046260932157,0.6489692444420407,0.9341270311711106
GrimAge,Neale_rhinitis_6152_9,ALLERG_RHINITIS,UKBB Neale hayfever/rhinitis/eczema,5,0,35.839037266720574,0.002209021616351313,0.0024784851891891443,0.37277955173912813,1.0022114633021832,0.9973546956456634,1.0070918817142192,0.002209021616351313,0.007196794963621714,0.7588850895837562,1.0022114633021832,0.9881737893882601,1.0164485518241744,33.726058964256936,8.480753939110741e-07,0.0011957725747408568,0.007548518562400027,0.8741325079880964,1.0011964877958184,-0.0011957370693647677,0.4561919600770272,-0.00042241444444444443,0.00905005627965189,0.9627719855784977,0.9995776747599762
GrimAge,Neale_asthma_20002_1111,ALLERG_ASTHMA,UKBB Neale asthma 20002_1111,5,0,35.839037266720574,0.010456044209169187,0.001892540252338251,3.2972436114775405e-08,1.0105108996630643,1.0067694753293448,1.0142662281291477,0.010456044209169187,0.009542301722247805,0.27318511702057546,1.0105108996630643,0.9917870449556407,1.0295882402693892,101.6894808109868,0.0,0.011119323555830308,0.010888234774833853,0.30714845955442804,1.0111813730033656,0.0007830614745447161,0.7242958807761495,-0.0002811911111111111,0.015894193636239777,0.9858850125805385,0.9997188484194041
Hannum,EAGLE_AD_GCST003184,L12_ATOPIC,"EAGLE AD (EUR, Paternoster 2015)",56,0,54.66343444764497,0.012075351677300413,0.011317741135873305,0.2859988928131789,1.0121485530838754,0.9899434873684752,1.0348516926284554,0.012075351677300413,0.011317741135873305,0.2859988928131789,1.0121485530838754,0.9899434873684752,1.0348516926284554,54.01951636752905,0.5120994182316081,0.012505100808702381,0.011391640365743822,0.2723164461338077,1.0125836165227846,0.001401431969379619,0.7542965904460889,0.03872546527341562,0.008783389931842842,1.0387637342734735e-05,1.0394850697245281
Hannum,BuduAggrey_AD_GCST90244787,L12_ATOPIC,Budu-Aggrey AD EUR meta 2023,57,0,54.363953154075986,0.014068848558031408,0.003919458109217696,0.00033132785217571126,1.0141682805586234,1.006407149188998,1.021989263609733,0.014068848558031408,0.003919458109217696,0.00033132785217571126,1.0141682805586234,1.006407149188998,1.021989263609733,25.18422105801583,0.9998770399247198,0.014937157219905801,0.00249218387861094,2.0524386634690472e-09,1.0150492740930366,0.00298044467511925,0.005851827139036003,0.01745270280830946,0.0011724747508124315,0.0,1.017605891111642
Hannum,HanY_asthma_GCST010042,ALLERG_ASTHMA,HanY UKBB asthma 2020,57,0,54.363953154075986,0.007745512397180145,0.003563526992140087,0.02973877175427142,1.007775586474564,1.000761289126165,1.0148390467630426,0.007745512397180145,0.004459535456120691,0.0824149082707275,1.007775586474564,0.9990053179276847,1.016622849216573,87.70152878555818,0.004322588734496202,0.008573505802518847,0.004413678239199598,0.052078358521975954,1.0086103635614958,0.0030450733779448925,0.09547629509756639,0.0013868992488070718,0.012553580282997934,0.9120299928903888,1.001387861438339
Hannum,TAGC_asthma_GCST005212,ALLERG_ASTHMA,TAGC EUR asthma 2018,10,0,55.795233934274975,0.03859823155266968,0.017331564219639415,0.0259440423715942,1.0393528205849005,1.0046390931103886,1.0752660264426834,0.03859823155266968,0.017331564219639415,0.0259440423715942,1.0393528205849005,1.0046390931103886,1.0752660264426834,4.700123294729089,0.8596268353384312,0.037843281062458566,0.012656624758577732,0.0027897939298273666,1.0385684567786717,-0.0032652381509528025,0.3833716717080301,0.04498459027097616,0.020257890727308672,0.02637833981321669,1.0460117410270384
Hannum,Neale_rhinitis_6152_9,ALLERG_RHINITIS,UKBB Neale hayfever/rhinitis/eczema,57,0,54.28939465086643,-0.004857877638219673,0.0005776038030613099,0.0,0.9951539027657141,0.9940279230781381,0.9962811579006166,-0.004857877638219673,0.0008086312943471467,1.8836969761792943e-09,0.9951539027657141,0.9935779153271257,0.9967323899945739,109.75619137670063,2.3685586052590857e-05,-0.004796452707442608,0.0008097128268833126,3.1487958906950553e-09,0.9952150319027113,0.0003454453447502558,0.2913455133638631,-0.00614843435794312,0.0010399969981626709,3.3803360111051006e-09,0.9938704285855942
Hannum,Neale_asthma_20002_1111,ALLERG_ASTHMA,UKBB Neale asthma 20002_1111,57,0,54.28939465086643,0.0006508804872261968,0.00044099962161133,0.13996517145338383,1.000651092355895,0.9997865440138395,1.001516388301367,0.0006508804872261968,0.0005528427049253153,0.2390622401189737,1.000651092355895,0.9995674023829161,1.0017359572210873,88.00650206942686,0.004057859263959851,0.0006906563022962391,0.0005541689963770361,0.21265726978829846,1.0006908948602775,0.0002237201355447383,0.31782700132042274,0.0006535004444444445,0.0005283546378023205,0.21613925408768497,1.0006537140223817
IEAA,EAGLE_AD_GCST003184,L12_ATOPIC,"EAGLE AD (EUR, Paternoster 2015)",131,0,132.28035559862215,-0.009695765641556602,0.00447814094803343,0.03037758869427165,0.9903510867485986,0.9816966567124258,0.9990818124090245,-0.009695765641556602,0.00447814094803343,0.03037758869427165,0.9903510867485986,0.9816966567124258,0.9990818124090245,121.0360501772013,0.7011238444571465,-0.010070748889857432,0.0042547364270536445,0.01793534992768331,0.9899797913002687,0.0059755671667491165,0.023208271915792573,-0.017963882447130344,0.0006720583161011362,0.0,0.9821965062519247
IEAA,BuduAggrey_AD_GCST90244787,L12_ATOPIC,Budu-Aggrey AD EUR meta 2023,133,0,130.89309256119125,-0.00030981404062816907,0.0016756224587053216,0.8533114741907415,0.9996902339467859,0.9964124167502629,1.0029788339129664,-0.00030981404062816907,0.0017502379675142059,0.8594985520154423,0.9996902339467859,0.9962667056792419,1.0031255266803425,144.01767226050998,0.22390986625451348,-0.00030109000985955377,0.0017572873926646351,0.8639580461349976,0.9996989553131885,-0.00020145231622484416,0.8516836535114031,0.0022186070426256747,0.00013896967755464847,0.0,1.002221069972318
IEAA,HanY_asthma_GCST010042,ALLERG_ASTHMA,HanY UKBB asthma 2020,133,0,130.89309256119125,-0.007535255568190905,0.0014601672464600313,2.462348607235043e-07,0.9924930632954471,0.9896566805006264,0.9953375752400196,-0.007535255568190905,0.001967852654502074,0.00012857265952037622,0.9924930632954471,0.988672399151918,0.9963284921623669,239.74738579424235,2.9577241988931746e-08,-0.0076318666201702495,0.0018968184365072396,5.733731884660642e-05,0.9923971821281846,0.003899110248774934,0.0011193790302424002,-0.010797503000809783,0.0003529534802333586,0.0,0.9892605807934333
IEAA,TAGC_asthma_GCST005212,ALLERG_ASTHMA,TAGC EUR asthma 2018,18,0,66.10945915425715,-0.00948979380764146,0.01156409492313336,0.41185948859219046,0.990555092187122,0.9683560686214169,1.0132630160047482,-0.00948979380764146,0.013054621609143583,0.4672689452229424,0.990555092187122,0.965531210245593,1.0162275235082865,21.664775949380193,0.1979569753913648,-0.009969552648556807,0.013033466235477647,0.4443194735763183,0.9900799786033156,0.003809584230937579,0.314860494509857,-0.010776978350990327,0.015840335691147487,0.49628263392339766,0.9892808852288043
IEAA,Neale_rhinitis_6152_9,ALLERG_RHINITIS,UKBB Neale hayfever/rhinitis/eczema,133,0,130.89309256119125,0.0005245144648201003,0.00023867311233414487,0.02797570082104306,1.0005246520465856,1.0000567167729806,1.0009928062711926,0.0005245144648201003,0.00023867311233414487,0.02797570082104306,1.0005246520465856,1.0000567167729806,1.0009928062711926,124.36384514540292,0.6693458788493793,0.0005199935950626211,0.00023112887621641308,0.02446168542199678,1.0005201288151688,0.00018361271801485207,0.20178909393212746,0.0003609803921568627,5.445202748025193e-05,3.372169210535958e-11,1.000361045553419
IEAA,Neale_asthma_20002_1111,ALLERG_ASTHMA,UKBB Neale asthma 20002_1111,133,0,130.89309256119125,-0.0008096331216650071,0.00018227383728956797,8.918855158857042e-06,0.9991906945427955,0.9988337907084648,0.9995477259061988,-0.0008096331216650071,0.00021106342071411849,0.00012506926130018137,0.9991906945427955,0.9987774305214744,0.9996041295603227,176.99100814438634,0.0054616306290556915,-0.0008166182443855007,0.00020808420336476904,8.692430665568907e-05,0.9991837150975491,0.00028341103696511897,0.02958544611162543,-0.0011679031037093112,2.4239307965308602e-05,0.0,0.9988327786296952
PhenoAge,EAGLE_AD_GCST003184,L12_ATOPIC,"EAGLE AD (EUR, Paternoster 2015)",89,0,69.24580254015449,-0.0178197142185213,0.006125296663205534,0.0036235474894594777,0.9823381179900885,0.9706150893877302,0.9942027366018277,-0.0178197142185213,0.006125296663205534,0.0036235474894594777,0.9823381179900885,0.9706150893877302,0.9942027366018277,39.69935330671969,0.9999979897926601,-0.018694156766637528,0.00402760645014057,3.458801143496615e-06,0.9814794952059412,-0.0053422748125316975,0.02017290801409889,-0.024279357784444584,0.0009095209623792194,0.0,0.9760130148365445
PhenoAge,BuduAggrey_AD_GCST90244787,L12_ATOPIC,Budu-Aggrey AD EUR meta 2023,89,0,69.24580254015449,0.0039299157607672625,0.0023181891587086174,0.09002754827036452,1.0039376480054159,0.9993864533064941,1.008509568793949,0.0039299157607672625,0.0023181891587086174,0.09002754827036452,1.0039376480054159,0.9993864533064941,1.008509568793949,27.18856238175109,0.999999999950607,0.003945830937842604,0.0013020817752396432,0.002442286035527319,1.0039536259780024,9.224705395490586e-05,0.9010110668641066,0.0030311022451506983,0.00013595567265506974,0.0,1.0030357006804964
PhenoAge,HanY_asthma_GCST010042,ALLERG_ASTHMA,HanY UKBB asthma 2020,89,0,69.24580254015449,-0.013306962821808205,0.002003032162642868,3.0650815219246397e-11,0.9867811833886624,0.9829147313722711,0.9906628447113319,-0.013306962821808205,0.002003032162642868,3.0650815219246397e-11,0.9867811833886624,0.9829147313722711,0.9906628447113319,36.82079988120203,0.9999997069396266,-0.013512871747463545,0.0012884512405326439,0.0,0.986578017252912,-0.0012433883997742473,0.09751552964847245,-0.014729815008389463,0.00044187280182212557,0.0,0.9853781380239894
PhenoAge,TAGC_asthma_GCST005212,ALLERG_ASTHMA,TAGC EUR asthma 2018,9,0,55.990022310800505,-0.017815753666812498,0.014046994011540642,0.20469207820174296,0.9823420085987048,0.9556649845394651,1.0097637116240783,-0.017815753666812498,0.014046994011540642,0.20469207820174296,0.9823420085987048,0.9556649845394651,1.0097637116240783,4.9000080912797275,0.7682080225140034,-0.022717013523115528,0.014978777283068595,0.12936433402399494,0.9775390749744904,-0.002911342474692568,0.6236766391531161,-0.014205719489981785,0.01207841570461703,0.23954516666573333,0.9858947056436279
PhenoAge,Neale_rhinitis_6152_9,ALLERG_RHINITIS,UKBB Neale hayfever/rhinitis/eczema,89,0,69.24580254015449,0.0004115492817409157,0.00032774222297518086,0.209221027207795,1.0004116339797653,0.9997692011628599,1.001054479611872,0.0004115492817409157,0.00032774222297518086,0.209221027207795,1.0004116339797653,0.9997692011628599,1.001054479611872,32.67337534702124,0.9999999887102413,0.0004232117035824624,0.00020131670696959397,0.03553414090704665,1.0004233012702903,7.122640713654259e-05,0.5413280756800123,0.00048586741713570983,7.392852290956712e-05,4.9602544294202744e-11,1.0004859854698278
PhenoAge,Neale_asthma_20002_1111,ALLERG_ASTHMA,UKBB Neale asthma 20002_1111,89,0,69.24580254015449,-0.0014590207272133307,0.00025029351708228764,5.568071559380883e-09,0.9985420431260703,0.9980523032071845,0.9990320233582016,-0.0014590207272133307,0.00025029351708228764,5.568071559380883e-09,0.9985420431260703,0.9980523032071845,0.9990320233582016,33.18290295582098,0.9999999825627872,-0.0014772286195421237,0.00015389167589899004,0.0,0.9985238619455843,-0.00011118122572801182,0.21383054667480048,-0.0016028409821313794,3.240704513627381e-05,0.0,0.998398442881441
Frailty,EAGLE_AD_GCST003184,L12_ATOPIC,"EAGLE AD (EUR, Paternoster 2015)",17,22,57.46140266645253,-0.2893302585680624,0.2612158028193045,0.2680219743561363,0.7487648785474064,0.44873927818281817,1.2493866051050284,-0.2893302585680624,0.2612158028193045,0.2680219743561363,0.7487648785474064,0.44873927818281817,1.2493866051050284,10.117164151455496,0.8604384691389464,-0.2951040026880802,0.21774084934480764,0.17532224429361465,0.7444541582059476,-0.000816766082305716,0.8818645256112717,-0.04997614018953927,0.29249332813438256,0.8643318865865453,0.9512521209252524
Frailty,BuduAggrey_AD_GCST90244787,L12_ATOPIC,Budu-Aggrey AD EUR meta 2023,98,0,48.919159865373054,0.9777259326540467,0.0427973397327346,0.0,2.658403973236442,2.4445062181835744,2.891018084695493,0.9777259326540467,0.09121469114258592,0.0,2.658403973236442,2.2231945277520495,3.1788094099282924,440.62361537033564,0.0,0.955428339083691,0.09105036146800308,0.0,2.5997839335245905,0.004968523397861864,0.07651398627191783,1.193673249757114,0.0820307098772932,0.0,3.299177680712377
Frailty,HanY_asthma_GCST010042,ALLERG_ASTHMA,HanY UKBB asthma 2020,16,65,34.78609880023949,0.8117883464257903,0.07718874343031613,0.0,2.2519316216441965,1.9357568932522375,2.6197484024148388,0.8117883464257903,0.16143162600712946,4.93862076345053e-07,2.2519316216441965,1.641125618999118,3.0900718201290753,65.60856809070845,2.6722201562634496e-08,0.8133627806930737,0.1620277877694948,5.169923469328097e-07,2.2554799325150294,0.003187586909869429,0.3611082135197794,0.9921799153425459,0.213599322711832,3.399911603141348e-06,2.6971075347295725
Frailty,TAGC_asthma_GCST005212,ALLERG_ASTHMA,TAGC EUR asthma 2018,9,8,37.078264386366406,0.4575604537063379,0.20858413016134858,0.02826062350684677,1.5802142730626902,1.0499426657070963,2.3782985779603125,0.4575604537063379,0.2910942048508815,0.11598213291705806,1.5802142730626902,0.8931647829032979,2.7957631073116356,15.580973206573207,0.04878576717106731,0.37630860517013837,0.2883776073049781,0.19192139174673306,1.4568966702476738,0.008157425424602278,0.248796209711127,0.4678223880597015,0.2970849343971816,0.1153235765205376,1.5965138175868931
Frailty,Neale_rhinitis_6152_9,ALLERG_RHINITIS,UKBB Neale hayfever/rhinitis/eczema,72,6,46.318983877227836,0.14322146099733127,0.005132370325899267,0.0,1.1539853361129506,1.1424350751377181,1.16565237267701,0.14322146099733127,0.011827463142194733,0.0,1.1539853361129506,1.1275415388166925,1.1810493095990626,377.0557644843995,0.0,0.14173273944338985,0.01174341932297942,0.0,1.152268651419955,0.0006412475964908664,0.11921958651926531,0.17532462962962964,0.014232381736168304,0.0,1.1916329932066292
Frailty,Neale_asthma_20002_1111,ALLERG_ASTHMA,UKBB Neale asthma 20002_1111,16,62,34.78609880023949,0.08092209525395525,0.009671196148225107,0.0,1.084286422217964,1.0639267566376258,1.1050356973085032,0.08092209525395525,0.01854125410864617,1.2745183625373357e-05,1.084286422217964,1.0455899140583937,1.1244150594786382,55.132677935102095,1.6964714911749113e-06,0.0811943742969968,0.01805131005604345,6.860317317780584e-06,1.0845816908832993,0.0005085269832647336,0.19788699779599495,0.09279798994974874,0.01866334516841651,6.619543730934652e-07,1.0972400593589262
BloodIndex93,EAGLE_AD_GCST003184,L12_ATOPIC,"EAGLE AD (EUR, Paternoster 2015)",82,0,1142.1047951656215,0.4754308042268967,0.10266135235662485,3.6379975965061817e-06,1.608707086037912,1.3154970165936954,1.9672705114677584,0.4754308042268967,0.14579096505391123,0.0011100267334507308,1.608707086037912,1.208863319502707,2.1408032214371397,163.35494228827432,1.6785417711329131e-07,0.47752892389951895,0.14593178253526332,0.0010668575040186923,1.6120858893499768,0.00359683565737064,0.35566215653626604,0.4328557103902262,0.10450677863317229,3.444536916163976e-05,1.5416537600321956
BloodIndex93,BuduAggrey_AD_GCST90244787,L12_ATOPIC,Budu-Aggrey AD EUR meta 2023,93,0,1184.593650621932,0.37027140300531536,0.040084989130164866,0.0,1.4481275875132371,1.3387078053137433,1.5664908364566026,0.37027140300531536,0.08121647942945119,5.138128269521758e-06,1.4481275875132371,1.2350199247166331,1.6980078359448878,377.67010287056235,0.0,0.36788701556926445,0.0815745172246395,6.488030673157397e-06,1.4446788035403078,-0.001285913537708747,0.5323430903881814,0.2001537926056367,0.10385338196389571,0.0539456482695615,1.2215906153180298
BloodIndex93,HanY_asthma_GCST010042,ALLERG_ASTHMA,HanY UKBB asthma 2020,93,0,1184.593650621932,0.9960806709746495,0.03525047069920192,0.0,2.707648838294406,2.5268911391802207,2.9013367920137245,0.9960806709746495,0.12370655420575023,8.881784197001252e-16,2.707648838294406,2.1246685733526185,3.4505909879151324,1133.035210457479,0.0,0.9996412274445377,0.12431505763849822,8.881784197001252e-16,2.7173067584656176,0.0017858989059413488,0.5675688135227104,0.7376301235991242,0.5660504651469892,0.1925347364366814,2.090974287450236
BloodIndex93,TAGC_asthma_GCST005212,ALLERG_ASTHMA,TAGC EUR asthma 2018,22,0,988.6804060283085,1.2473489269993967,0.10177285675558113,0.0,3.4811020580461705,2.851582569640063,4.249595178323337,1.2473489269993967,0.2518020298760242,7.281958787075382e-07,3.4811020580461705,2.1250959375558547,5.702364455352868,128.550514080417,0.0,1.300604825818748,0.26303108372038725,7.626861526777162e-07,3.671516624256337,0.006036102644879846,0.4415946379815262,1.8468693743139408,0.7432789862684304,0.012963905626062644,6.339940441462622
BloodIndex93,Neale_rhinitis_6152_9,ALLERG_RHINITIS,UKBB Neale hayfever/rhinitis/eczema,92,0,1187.303579619175,0.10451610837592268,0.0058086057899365785,0.0,1.110173276810666,1.0976057767258895,1.1228846737860474,0.10451610837592268,0.013629004026249381,1.7319479184152442e-14,1.110173276810666,1.080909980043823,1.1402288139615135,500.98627160649625,0.0,0.10475724047913736,0.013716868287754019,2.220446049250313e-14,1.1104410075057716,0.00011095569000228424,0.7472841386799027,0.11461241685144123,0.038127144559727974,0.002646583068685482,1.1214387025861392
BloodIndex93,Neale_asthma_20002_1111,ALLERG_ASTHMA,UKBB Neale asthma 20002_1111,92,0,1187.303579619175,0.10372812803090024,0.004435300660435183,0.0,1.1092988266589825,1.0996972764882171,1.1189842087784605,0.10372812803090024,0.013647464822488607,2.9531932455029164e-14,1.1092988266589825,1.0800195004861581,1.1393719152969743,861.5871817406181,0.0,0.10416954233285723,0.013716784432239629,3.086420008457935e-14,1.1097885951136617,0.00020308205145435512,0.5556305063833127,0.07950818483503083,0.05578521880566047,0.15408338479899197,1.0827544216594915
