outcome,model,exposure,n_snps,beta,se,ci_lo,ci_hi,p,or,resid_Q,resid_Q_df,resid_Q_p,marginal_mean_F,cond_QA,cond_QA_over_k,cond_QA_chi2crit95,cond_strong,univ_beta_same_snps,univ_se_same_snps,univ_p_same_snps,n_union,n_complete,n_overlap_instruments
ALLERG_ASTHMA,MVMR_IVW,frailty,157,1.3467731302583577,0.08444862634376227,1.1812538226245837,1.5122924378921316,0.0,3.844998182471815,826.1044363564987,155,0.0,20.68255013635107,3055.202842377044,19.459890715777348,187.23886994495388,True,1.526658942505222,0.08175703693699533,0.0,200,157,0
ALLERG_ASTHMA,MVMR_IVW_LD_GLS,frailty,157,1.4106148715842777,0.08446657119411968,1.245060392043803,1.5761693511247523,0.0,4.098474665091245,828.196674342263,155,0.0,20.68255013635107,3055.202842377044,19.459890715777348,187.23886994495388,True,1.526658942505222,0.08175703693699533,0.0,200,157,0
ALLERG_ASTHMA,MVMR_IVW,index,157,0.6270353480395519,0.07372629789706964,0.4825318041612954,0.7715388919178083,0.0,1.87205236054259,826.1044363564987,155,0.0,680.9565038769466,101105.94144779173,643.9868882024952,187.23886994495388,True,0.9215175179854421,0.07137645597528268,0.0,200,157,0
ALLERG_ASTHMA,MVMR_IVW_LD_GLS,index,157,0.5725025467522757,0.065197117135249,0.4447161971671877,0.7002888963373638,0.0,1.772697764120913,828.196674342263,155,0.0,680.9565038769466,101105.94144779173,643.9868882024952,187.23886994495388,True,0.9215175179854421,0.07137645597528268,0.0,200,157,0
ALLERG_RHINITIS,MVMR_IVW,frailty,157,0.5250867585852111,0.07740574993356418,0.37337148871542536,0.6768020284549969,1.1724843318461353e-11,1.6906055165594043,510.65697292682637,155,0.0,20.68255013635107,3055.202842377044,19.459890715777348,187.23886994495388,True,0.6345716481351974,0.07494496285574644,0.0,200,157,0
ALLERG_RHINITIS,MVMR_IVW_LD_GLS,frailty,157,0.5688837433139848,0.07739864713014256,0.4171823949389054,0.7205850916890643,1.9806378759312793e-13,1.7662943127611193,524.052273629559,155,0.0,20.68255013635107,3055.202842377044,19.459890715777348,187.23886994495388,True,0.6345716481351974,0.07494496285574644,0.0,200,157,0
ALLERG_RHINITIS,MVMR_IVW,index,157,0.3829950469004027,0.0677326764251943,0.2502390011070219,0.5157510926937835,1.5629216143508984e-08,1.4666707654840294,510.65697292682637,155,0.0,680.9565038769466,101105.94144779173,643.9868882024952,187.23886994495388,True,0.49792735337992217,0.06557940363814445,3.1308289294429414e-14,200,157,0
ALLERG_RHINITIS,MVMR_IVW_LD_GLS,index,157,0.4258686499745867,0.05992374404552729,0.30841811164535315,0.5433191883038202,1.1872725025341424e-12,1.530919675588027,524.052273629559,155,0.0,680.9565038769466,101105.94144779173,643.9868882024952,187.23886994495388,True,0.49792735337992217,0.06557940363814445,3.1308289294429414e-14,200,157,0
L12_ATOPIC,MVMR_IVW,frailty,157,0.516399163206138,0.056353633159267974,0.4059460422139728,0.6268522841983032,0.0,1.675981834179558,687.6224819268292,155,0.0,20.68255013635107,3055.202842377044,19.459890715777348,187.23886994495388,True,0.6676962022059358,0.0545419678505491,0.0,200,157,0
L12_ATOPIC,MVMR_IVW_LD_GLS,frailty,157,0.5871928627483111,0.05635181012455484,0.4767433149041836,0.6976424105924386,0.0,1.7989314734012405,705.6583781272282,155,0.0,20.68255013635107,3055.202842377044,19.459890715777348,187.23886994495388,True,0.6676962022059358,0.0545419678505491,0.0,200,157,0
L12_ATOPIC,MVMR_IVW,index,157,0.5273924091441781,0.049408263396976106,0.4305522128861049,0.6242326054022512,0.0,1.6945079592194123,687.6224819268292,155,0.0,680.9565038769466,101105.94144779173,643.9868882024952,187.23886994495388,True,0.6412697773877681,0.047819878908839056,0.0,200,157,0
L12_ATOPIC,MVMR_IVW_LD_GLS,index,157,0.46158553048050266,0.04371557371909841,0.37590300599106974,0.5472680549699356,0.0,1.5865875747410636,705.6583781272282,155,0.0,680.9565038769466,101105.94144779173,643.9868882024952,187.23886994495388,True,0.6412697773877681,0.047819878908839056,0.0,200,157,0
