tissue,cell_type,gene,n_cells,frac_detected,mean_expr
Blood,B cell,IL18,1815,0.022589531680440773,0.018999752952376017
Blood,"CD4-positive, alpha-beta T cell",IL18,2343,0.020486555697823303,0.014346073145393443
Blood,"CD8-positive, alpha-beta T cell",IL18,2147,0.09874243129948766,0.09421330070080566
Blood,classical monocyte,IL18,4939,0.49605183235472766,0.36253031898809607
Blood,erythrocyte,IL18,5484,0.0036469730123997084,0.0025338414570087067
Blood,hematopoietic precursor cell,IL18,62,0.45161290322580644,0.42145383574308887
Blood,intermediate monocyte,IL18,464,0.6271551724137931,0.39512913648424475
Blood,macrophage,IL18,574,0.2804878048780488,0.21789854453415822
Blood,mature NK T cell,IL18,99,0.5555555555555556,0.6252139451527836
Blood,monocyte,IL18,4499,0.3656368081795955,0.27057369154072497
Blood,"naive thymus-derived CD4-positive, alpha-beta T cell",IL18,230,0.004347826086956522,0.0028628193813821545
Blood,natural killer cell,IL18,1408,0.13636363636363635,0.13109337065411222
Blood,neutrophil,IL18,15117,0.05543427928821856,0.06864320000477976
Blood,non-classical monocyte,IL18,158,0.36075949367088606,0.19037186599607708
Blood,plasma cell,IL18,374,0.07219251336898395,0.03478696265003898
Blood,platelet,IL18,206,0.024271844660194174,0.02599223927386756
Blood,B cell,TNFSF14,1815,0.0011019283746556473,0.0007282892534555482
Blood,"CD4-positive, alpha-beta T cell",TNFSF14,2343,0.04822876653862569,0.035460028131987315
Blood,"CD8-positive, alpha-beta T cell",TNFSF14,2147,0.11318118304611086,0.10604401578945397
Blood,classical monocyte,TNFSF14,4939,0.07511642032800162,0.039973388876864774
Blood,erythrocyte,TNFSF14,5484,0.004558716265499635,0.0033789205342465993
Blood,hematopoietic precursor cell,TNFSF14,62,0.0,0.0
Blood,intermediate monocyte,TNFSF14,464,0.07543103448275862,0.033945827873359466
Blood,macrophage,TNFSF14,574,0.017421602787456445,0.005906561292214676
Blood,mature NK T cell,TNFSF14,99,0.10101010101010101,0.08070725172457069
Blood,monocyte,TNFSF14,4499,0.0484552122693932,0.025400624807864414
Blood,"naive thymus-derived CD4-positive, alpha-beta T cell",TNFSF14,230,0.013043478260869565,0.008744869802309119
Blood,natural killer cell,TNFSF14,1408,0.08522727272727272,0.08356195533732799
Blood,neutrophil,TNFSF14,15117,0.170536482106238,0.21944574246119827
Blood,non-classical monocyte,TNFSF14,158,0.012658227848101266,0.00904029758670662
Blood,plasma cell,TNFSF14,374,0.016042780748663103,0.015130820918210688
Blood,platelet,TNFSF14,206,0.0,0.0
Blood,B cell,IL4,1815,0.0,0.0
Blood,"CD4-positive, alpha-beta T cell",IL4,2343,0.002134016218523261,0.0008536721744689482
Blood,"CD8-positive, alpha-beta T cell",IL4,2147,0.0,0.0
Blood,classical monocyte,IL4,4939,0.00020247013565499088,4.306131995359059e-06
Blood,erythrocyte,IL4,5484,0.0,0.0
Blood,hematopoietic precursor cell,IL4,62,0.0,0.0
Blood,intermediate monocyte,IL4,464,0.0,0.0
Blood,macrophage,IL4,574,0.0,0.0
Blood,mature NK T cell,IL4,99,0.0,0.0
Blood,monocyte,IL4,4499,0.0004445432318292954,4.637805994655535e-05
Blood,"naive thymus-derived CD4-positive, alpha-beta T cell",IL4,230,0.0,0.0
Blood,natural killer cell,IL4,1408,0.0,0.0
Blood,neutrophil,IL4,15117,0.00019845207382417147,0.00016693054955496298
Blood,non-classical monocyte,IL4,158,0.0,0.0
Blood,plasma cell,IL4,374,0.00267379679144385,0.0004891811367024713
Blood,platelet,IL4,206,0.0,0.0
Blood,B cell,TSLP,1815,0.0,0.0
Blood,"CD4-positive, alpha-beta T cell",TSLP,2343,0.0008536064874093043,0.0006286519946474018
Blood,"CD8-positive, alpha-beta T cell",TSLP,2147,0.0004657661853749418,0.0003848630825641492
Blood,classical monocyte,TSLP,4939,0.002024701356549909,0.0009786345081233766
Blood,erythrocyte,TSLP,5484,0.00018234865061998541,9.593466482920684e-05
Blood,hematopoietic precursor cell,TSLP,62,0.016129032258064516,0.023733652407123197
Blood,intermediate monocyte,TSLP,464,0.0,0.0
Blood,macrophage,TSLP,574,0.0,0.0
Blood,mature NK T cell,TSLP,99,0.0,0.0
Blood,monocyte,TSLP,4499,0.0013336296954878863,0.00028073997480020996
Blood,"naive thymus-derived CD4-positive, alpha-beta T cell",TSLP,230,0.0,0.0
Blood,natural killer cell,TSLP,1408,0.0007102272727272727,0.000598866915838285
Blood,neutrophil,TSLP,15117,0.00039690414764834294,0.00017784053829778966
Blood,non-classical monocyte,TSLP,158,0.0,0.0
Blood,plasma cell,TSLP,374,0.0,0.0
Blood,platelet,TSLP,206,0.0,0.0
Blood,B cell,IL5,1815,0.003305785123966942,0.0026703421077780816
Blood,"CD4-positive, alpha-beta T cell",IL5,2343,0.0012804097311139564,0.0010544877122520026
Blood,"CD8-positive, alpha-beta T cell",IL5,2147,0.015370284117373078,0.011768757755610907
Blood,classical monocyte,IL5,4939,0.0008098805426199635,0.0005231112706369175
Blood,erythrocyte,IL5,5484,0.0,0.0
Blood,hematopoietic precursor cell,IL5,62,0.0,0.0
Blood,intermediate monocyte,IL5,464,0.0,0.0
Blood,macrophage,IL5,574,0.005226480836236934,0.0034390046206085522
Blood,mature NK T cell,IL5,99,0.0,0.0
Blood,monocyte,IL5,4499,0.0004445432318292954,6.156372352291886e-05
Blood,"naive thymus-derived CD4-positive, alpha-beta T cell",IL5,230,0.0,0.0
Blood,natural killer cell,IL5,1408,0.01065340909090909,0.008519338274543936
Blood,neutrophil,IL5,15117,0.0002646027650988953,0.00027031316370483647
Blood,non-classical monocyte,IL5,158,0.0,0.0
Blood,plasma cell,IL5,374,0.00267379679144385,0.0004827164233049607
Blood,platelet,IL5,206,0.0,0.0
Blood,B cell,IL13,1815,0.001652892561983471,0.0015229938772427477
Blood,"CD4-positive, alpha-beta T cell",IL13,2343,0.002134016218523261,0.0012397070344167035
Blood,"CD8-positive, alpha-beta T cell",IL13,2147,0.002328830926874709,0.0016010363933703596
Blood,classical monocyte,IL13,4939,0.0010123506782749544,0.0004174534633444929
Blood,erythrocyte,IL13,5484,0.0,0.0
Blood,hematopoietic precursor cell,IL13,62,0.016129032258064516,0.0037603921467258086
Blood,intermediate monocyte,IL13,464,0.004310344827586207,0.0018731193809673704
Blood,macrophage,IL13,574,0.0017421602787456446,0.0003937636258710137
Blood,mature NK T cell,IL13,99,0.0,0.0
Blood,monocyte,IL13,4499,0.0006668148477439431,0.00018288817560574723
Blood,"naive thymus-derived CD4-positive, alpha-beta T cell",IL13,230,0.0,0.0
Blood,natural killer cell,IL13,1408,0.0007102272727272727,0.0005607909353619272
Blood,neutrophil,IL13,15117,0.00019845207382417147,0.00013872872839184076
Blood,non-classical monocyte,IL13,158,0.0,0.0
Blood,plasma cell,IL13,374,0.00267379679144385,0.00029801523542021685
Blood,platelet,IL13,206,0.0,0.0
Blood,B cell,GATA3,1815,0.004407713498622589,0.004171258254751522
Blood,"CD4-positive, alpha-beta T cell",GATA3,2343,0.3542466922748613,0.34862671593473243
Blood,"CD8-positive, alpha-beta T cell",GATA3,2147,0.2966930600838379,0.30276273180759705
Blood,classical monocyte,GATA3,4939,0.0012148208139299453,0.0003500546619679238
Blood,erythrocyte,GATA3,5484,0.0016411378555798686,0.0009596860654418439
Blood,hematopoietic precursor cell,GATA3,62,0.11290322580645161,0.05808076214405798
Blood,intermediate monocyte,GATA3,464,0.0,0.0
Blood,macrophage,GATA3,574,0.003484320557491289,0.0026942609909934865
Blood,mature NK T cell,GATA3,99,0.5252525252525253,0.5715292855118862
Blood,monocyte,GATA3,4499,0.0013336296954878863,0.000269753529720636
Blood,"naive thymus-derived CD4-positive, alpha-beta T cell",GATA3,230,0.2391304347826087,0.23290044898572176
Blood,natural killer cell,GATA3,1408,0.2897727272727273,0.3065195458429199
Blood,neutrophil,GATA3,15117,0.00039690414764834294,0.00034777224438447695
Blood,non-classical monocyte,GATA3,158,0.0,0.0
Blood,plasma cell,GATA3,374,0.03208556149732621,0.008115381520380948
Blood,platelet,GATA3,206,0.0048543689320388345,0.0050091633518922676
Lung,B cell,IL18,397,0.02518891687657431,0.028639730600926377
Lung,"CD4-positive, alpha-beta T cell",IL18,1320,0.030303030303030304,0.03468467051332647
Lung,"CD8-positive, alpha-beta T cell",IL18,1126,0.017761989342806393,0.021456578273332777
Lung,adventitial cell,IL18,332,0.1566265060240964,0.14370258229347058
Lung,alveolar adventitial fibroblast,IL18,683,0.08052708638360176,0.06514772614614157
Lung,basal cell,IL18,2436,0.5874384236453202,0.5673585424018769
Lung,basophil,IL18,801,0.6903870162297129,0.9780299151583706
Lung,bronchial smooth muscle cell,IL18,142,0.028169014084507043,0.028358210612770537
Lung,capillary endothelial cell,IL18,4374,0.006630086877000457,0.005897959809137954
Lung,classical monocyte,IL18,965,0.31088082901554404,0.33113499026000015
Lung,club cell,IL18,1050,0.20476190476190476,0.1408879698387214
Lung,endothelial cell of artery,IL18,1056,0.00946969696969697,0.006952995123962562
Lung,endothelial cell of lymphatic vessel,IL18,203,0.0,0.0
Lung,intermediate monocyte,IL18,1700,0.5064705882352941,0.5261084060086046
Lung,lung multiciliated epithelial cell,IL18,751,0.46604527296937415,0.3463966340076466
Lung,macrophage,IL18,10028,0.7518946948544076,0.6341668400363627
Lung,mature NK T cell,IL18,104,0.125,0.16918905251301253
Lung,monocyte,IL18,297,0.41414141414141414,0.47131554396064196
Lung,natural killer cell,IL18,625,0.0912,0.10741836810112
Lung,neutrophil,IL18,228,0.03070175438596491,0.048902047307867756
Lung,non-classical monocyte,IL18,326,0.31901840490797545,0.3656149768681934
Lung,pericyte,IL18,456,0.021929824561403508,0.02412194941650357
Lung,plasma cell,IL18,85,0.0,0.0
Lung,pulmonary alveolar type 1 cell,IL18,1916,0.7160751565762005,0.8213987348908423
Lung,pulmonary alveolar type 2 cell,IL18,7017,0.5469573891976628,0.2936194792664409
Lung,respiratory tract goblet cell,IL18,627,0.4354066985645933,0.30211980394039456
Lung,vascular associated smooth muscle cell,IL18,71,0.014084507042253521,0.017778994331897145
Lung,vein endothelial cell,IL18,813,0.0036900369003690036,0.0036764173733521833
Lung,B cell,TNFSF14,397,0.0,0.0
Lung,"CD4-positive, alpha-beta T cell",TNFSF14,1320,0.04318181818181818,0.05015279126889778
Lung,"CD8-positive, alpha-beta T cell",TNFSF14,1126,0.07104795737122557,0.09325320042047788
Lung,adventitial cell,TNFSF14,332,0.20783132530120482,0.15622329241203436
Lung,alveolar adventitial fibroblast,TNFSF14,683,0.06588579795021962,0.05298056346493859
Lung,basal cell,TNFSF14,2436,0.0024630541871921183,0.0010614556096775582
Lung,basophil,TNFSF14,801,0.003745318352059925,0.0031527421447668184
Lung,bronchial smooth muscle cell,TNFSF14,142,0.0,0.0
Lung,capillary endothelial cell,TNFSF14,4374,0.0006858710562414266,0.0003810494619808754
Lung,classical monocyte,TNFSF14,965,0.029015544041450778,0.019186396993831803
Lung,club cell,TNFSF14,1050,0.010476190476190476,0.004639445969036648
Lung,endothelial cell of artery,TNFSF14,1056,0.000946969696969697,0.0003986192415609504
Lung,endothelial cell of lymphatic vessel,TNFSF14,203,0.009852216748768473,0.007490299899002601
Lung,intermediate monocyte,TNFSF14,1700,0.01411764705882353,0.007305735060397316
Lung,lung multiciliated epithelial cell,TNFSF14,751,0.0013315579227696406,0.00046603705054434257
Lung,macrophage,TNFSF14,10028,0.029018747506980455,0.016054728462375288
Lung,mature NK T cell,TNFSF14,104,0.07692307692307693,0.10107496151557335
Lung,monocyte,TNFSF14,297,0.04377104377104377,0.03762138100585552
Lung,natural killer cell,TNFSF14,625,0.0656,0.07269703931808472
Lung,neutrophil,TNFSF14,228,0.13157894736842105,0.1598356577910875
Lung,non-classical monocyte,TNFSF14,326,0.012269938650306749,0.007961601384578307
Lung,pericyte,TNFSF14,456,0.0,0.0
Lung,plasma cell,TNFSF14,85,0.0,0.0
Lung,pulmonary alveolar type 1 cell,TNFSF14,1916,0.0026096033402922755,0.000831000300781463
Lung,pulmonary alveolar type 2 cell,TNFSF14,7017,0.1294000285022089,0.05034316419427693
Lung,respiratory tract goblet cell,TNFSF14,627,0.011164274322169059,0.005220577019776264
Lung,vascular associated smooth muscle cell,TNFSF14,71,0.0,0.0
Lung,vein endothelial cell,TNFSF14,813,0.0012300123001230013,0.0002906023722879708
Lung,B cell,IL4,397,0.0,0.0
Lung,"CD4-positive, alpha-beta T cell",IL4,1320,0.003787878787878788,0.005341520228169181
Lung,"CD8-positive, alpha-beta T cell",IL4,1126,0.003552397868561279,0.005854804393029763
Lung,adventitial cell,IL4,332,0.0,0.0
Lung,alveolar adventitial fibroblast,IL4,683,0.0,0.0
Lung,basal cell,IL4,2436,0.0008210180623973727,0.0007990456518085524
Lung,basophil,IL4,801,0.0024968789013732834,0.0014478282144900119
Lung,bronchial smooth muscle cell,IL4,142,0.0,0.0
Lung,capillary endothelial cell,IL4,4374,0.0004572473708276177,0.00025181749574354603
Lung,classical monocyte,IL4,965,0.0010362694300518134,0.0007938466541507701
Lung,club cell,IL4,1050,0.0,0.0
Lung,endothelial cell of artery,IL4,1056,0.0,0.0
Lung,endothelial cell of lymphatic vessel,IL4,203,0.0,0.0
Lung,intermediate monocyte,IL4,1700,0.0,0.0
Lung,lung multiciliated epithelial cell,IL4,751,0.005326231691078562,0.0008165497536189388
Lung,macrophage,IL4,10028,0.00019944156362185878,0.0001378775974360414
Lung,mature NK T cell,IL4,104,0.0,0.0
Lung,monocyte,IL4,297,0.0,0.0
Lung,natural killer cell,IL4,625,0.0,0.0
Lung,neutrophil,IL4,228,0.0,0.0
Lung,non-classical monocyte,IL4,326,0.003067484662576687,0.004347554745118311
Lung,pericyte,IL4,456,0.0,0.0
Lung,plasma cell,IL4,85,0.0,0.0
Lung,pulmonary alveolar type 1 cell,IL4,1916,0.003131524008350731,0.001664293132769041
Lung,pulmonary alveolar type 2 cell,IL4,7017,0.0015676214906655266,0.0003540637971500477
Lung,respiratory tract goblet cell,IL4,627,0.001594896331738437,0.0007590447126202987
Lung,vascular associated smooth muscle cell,IL4,71,0.0,0.0
Lung,vein endothelial cell,IL4,813,0.0,0.0
Lung,B cell,TSLP,397,0.0,0.0
Lung,"CD4-positive, alpha-beta T cell",TSLP,1320,0.0015151515151515152,0.001373498999711239
Lung,"CD8-positive, alpha-beta T cell",TSLP,1126,0.0,0.0
Lung,adventitial cell,TSLP,332,0.006024096385542169,0.012161449136504209
Lung,alveolar adventitial fibroblast,TSLP,683,0.007320644216691069,0.004185756949345154
Lung,basal cell,TSLP,2436,0.16707717569786534,0.11089254440495068
Lung,basophil,TSLP,801,0.02372034956304619,0.020278217119819364
Lung,bronchial smooth muscle cell,TSLP,142,0.04929577464788732,0.05705855283099161
Lung,capillary endothelial cell,TSLP,4374,0.009602194787379973,0.011471595191007124
Lung,classical monocyte,TSLP,965,0.0010362694300518134,3.9655010703314155e-06
Lung,club cell,TSLP,1050,0.008571428571428572,0.0044112542985628046
Lung,endothelial cell of artery,TSLP,1056,0.05303030303030303,0.04138095514623053
Lung,endothelial cell of lymphatic vessel,TSLP,203,0.0049261083743842365,0.007035938389782835
Lung,intermediate monocyte,TSLP,1700,0.001176470588235294,0.0004994429735576405
Lung,lung multiciliated epithelial cell,TSLP,751,0.0039946737683089215,0.0013725467794481788
Lung,macrophage,TSLP,10028,0.005185480654168329,0.0017882546251710306
Lung,mature NK T cell,TSLP,104,0.0,0.0
Lung,monocyte,TSLP,297,0.003367003367003367,0.0005975459962581544
Lung,natural killer cell,TSLP,625,0.0,0.0
Lung,neutrophil,TSLP,228,0.0,0.0
Lung,non-classical monocyte,TSLP,326,0.0,0.0
Lung,pericyte,TSLP,456,0.07017543859649122,0.07867038315325453
Lung,plasma cell,TSLP,85,0.011764705882352941,0.005281821769826552
Lung,pulmonary alveolar type 1 cell,TSLP,1916,0.005741127348643006,0.0027350948536321363
Lung,pulmonary alveolar type 2 cell,TSLP,7017,0.03648282741912498,0.013704122931951834
Lung,respiratory tract goblet cell,TSLP,627,0.022328548644338118,0.008789387972731339
Lung,vascular associated smooth muscle cell,TSLP,71,0.04225352112676056,0.04298585821205462
Lung,vein endothelial cell,TSLP,813,0.05289052890528905,0.03155673878109323
Lung,B cell,IL5,397,0.0,0.0
Lung,"CD4-positive, alpha-beta T cell",IL5,1320,0.003787878787878788,0.0038129196925596755
Lung,"CD8-positive, alpha-beta T cell",IL5,1126,0.007104795737122558,0.0083287138075007
Lung,adventitial cell,IL5,332,0.024096385542168676,0.013351010934292641
Lung,alveolar adventitial fibroblast,IL5,683,0.014641288433382138,0.008706163740437341
Lung,basal cell,IL5,2436,0.003694581280788177,0.0016364498837730175
Lung,basophil,IL5,801,0.0012484394506866417,0.0013621343060230345
Lung,bronchial smooth muscle cell,IL5,142,0.0,0.0
Lung,capillary endothelial cell,IL5,4374,0.004801097393689987,0.004160130654866661
Lung,classical monocyte,IL5,965,0.0010362694300518134,9.628959733587472e-05
Lung,club cell,IL5,1050,0.004761904761904762,0.0016373909087408157
Lung,endothelial cell of artery,IL5,1056,0.001893939393939394,0.0008023594590750607
Lung,endothelial cell of lymphatic vessel,IL5,203,0.009852216748768473,0.00811154443054951
Lung,intermediate monocyte,IL5,1700,0.001176470588235294,0.0006482604321311502
Lung,lung multiciliated epithelial cell,IL5,751,0.007989347536617843,0.003645581903851302
Lung,macrophage,IL5,10028,0.0026924611088950936,0.0010395271277874648
Lung,mature NK T cell,IL5,104,0.019230769230769232,0.017703828330223378
Lung,monocyte,IL5,297,0.0,0.0
Lung,natural killer cell,IL5,625,0.0016,0.0009514552116394043
Lung,neutrophil,IL5,228,0.0,0.0
Lung,non-classical monocyte,IL5,326,0.0,0.0
Lung,pericyte,IL5,456,0.013157894736842105,0.007729160746461467
Lung,plasma cell,IL5,85,0.0,0.0
Lung,pulmonary alveolar type 1 cell,IL5,1916,0.0041753653444676405,0.0018823383403222596
Lung,pulmonary alveolar type 2 cell,IL5,7017,0.003705287159754881,0.000874723090187779
Lung,respiratory tract goblet cell,IL5,627,0.001594896331738437,0.0012854266394838761
Lung,vascular associated smooth muscle cell,IL5,71,0.0,0.0
Lung,vein endothelial cell,IL5,813,0.004920049200492005,0.004240836091293766
Lung,B cell,IL13,397,0.0,0.0
Lung,"CD4-positive, alpha-beta T cell",IL13,1320,0.0022727272727272726,0.001882364217079047
Lung,"CD8-positive, alpha-beta T cell",IL13,1126,0.0017761989342806395,0.0024336330844072847
Lung,adventitial cell,IL13,332,0.006024096385542169,0.0007270419400701501
Lung,alveolar adventitial fibroblast,IL13,683,0.0014641288433382138,0.0014260700122503724
Lung,basal cell,IL13,2436,0.0,0.0
Lung,basophil,IL13,801,0.011235955056179775,0.011732472164949376
Lung,bronchial smooth muscle cell,IL13,142,0.0,0.0
Lung,capillary endothelial cell,IL13,4374,0.0004572473708276177,0.000380540553652428
Lung,classical monocyte,IL13,965,0.0,0.0
Lung,club cell,IL13,1050,0.0,0.0
Lung,endothelial cell of artery,IL13,1056,0.000946969696969697,5.2268373441289775e-05
Lung,endothelial cell of lymphatic vessel,IL13,203,0.0,0.0
Lung,intermediate monocyte,IL13,1700,0.0,0.0
Lung,lung multiciliated epithelial cell,IL13,751,0.0,0.0
Lung,macrophage,IL13,10028,0.00019944156362185878,9.507561971050456e-05
Lung,mature NK T cell,IL13,104,0.0,0.0
Lung,monocyte,IL13,297,0.0,0.0
Lung,natural killer cell,IL13,625,0.0,0.0
Lung,neutrophil,IL13,228,0.0,0.0
Lung,non-classical monocyte,IL13,326,0.0,0.0
Lung,pericyte,IL13,456,0.0,0.0
Lung,plasma cell,IL13,85,0.0,0.0
Lung,pulmonary alveolar type 1 cell,IL13,1916,0.0010438413361169101,0.0003100855376606414
Lung,pulmonary alveolar type 2 cell,IL13,7017,0.0019951546244833976,0.0006790405801087682
Lung,respiratory tract goblet cell,IL13,627,0.0,0.0
Lung,vascular associated smooth muscle cell,IL13,71,0.0,0.0
Lung,vein endothelial cell,IL13,813,0.0,0.0
Lung,B cell,GATA3,397,0.0,0.0
Lung,"CD4-positive, alpha-beta T cell",GATA3,1320,0.2515151515151515,0.33074452276482724
Lung,"CD8-positive, alpha-beta T cell",GATA3,1126,0.22380106571936056,0.30574494907318167
Lung,adventitial cell,GATA3,332,0.0,0.0
Lung,alveolar adventitial fibroblast,GATA3,683,0.007320644216691069,0.004247741291018565
Lung,basal cell,GATA3,2436,0.010673234811165846,0.006492688210470042
Lung,basophil,GATA3,801,0.00749063670411985,0.007336781600887856
Lung,bronchial smooth muscle cell,GATA3,142,0.0,0.0
Lung,capillary endothelial cell,GATA3,4374,0.0978509373571102,0.11699865258466598
Lung,classical monocyte,GATA3,965,0.011398963730569948,0.011159269449933205
Lung,club cell,GATA3,1050,0.015238095238095238,0.008983427868002937
Lung,endothelial cell of artery,GATA3,1056,0.11268939393939394,0.09227560278161422
Lung,endothelial cell of lymphatic vessel,GATA3,203,0.0049261083743842365,0.002415468099669283
Lung,intermediate monocyte,GATA3,1700,0.01588235294117647,0.010308465133695042
Lung,lung multiciliated epithelial cell,GATA3,751,0.007989347536617843,0.003367959639521318
Lung,macrophage,GATA3,10028,0.06561627443159154,0.02718051060856631
Lung,mature NK T cell,GATA3,104,0.19230769230769232,0.24174164636776999
Lung,monocyte,GATA3,297,0.030303030303030304,0.020852635705511175
Lung,natural killer cell,GATA3,625,0.1872,0.23324308590888976
Lung,neutrophil,GATA3,228,0.0043859649122807015,0.004990483585156892
Lung,non-classical monocyte,GATA3,326,0.012269938650306749,0.01169404881132161
Lung,pericyte,GATA3,456,0.0043859649122807015,0.00416625251895503
Lung,plasma cell,GATA3,85,0.011764705882352941,0.0051870850955738745
Lung,pulmonary alveolar type 1 cell,GATA3,1916,0.0026096033402922755,0.0011665958498987623
Lung,pulmonary alveolar type 2 cell,GATA3,7017,0.0012825994014536127,0.00036527801477463775
Lung,respiratory tract goblet cell,GATA3,627,0.014354066985645933,0.009511899529841909
Lung,vascular associated smooth muscle cell,GATA3,71,0.014084507042253521,0.002311876122380646
Lung,vein endothelial cell,GATA3,813,0.04428044280442804,0.03211337547098615
Large_Intestine,B cell,IL18,2069,0.02513291445142581,0.023360587681705333
Large_Intestine,BEST4+ enterocyte,IL18,1090,0.30458715596330277,0.3525554328336628
Large_Intestine,"CD4-positive, alpha-beta T cell",IL18,4240,0.007311320754716981,0.007977316261462445
Large_Intestine,"CD8-positive, alpha-beta T cell",IL18,2962,0.0070898041863605675,0.00724808831499848
Large_Intestine,colon endothelial cell,IL18,348,0.022988505747126436,0.015672725636041027
Large_Intestine,colon macrophage,IL18,328,0.7530487804878049,0.8681078710502422
Large_Intestine,enterocyte of epithelium of large intestine,IL18,4567,0.41537114079264287,0.4286166560824003
Large_Intestine,enteroglial cell,IL18,848,0.0047169811320754715,0.004028106143452086
Large_Intestine,fibroblast,IL18,2597,0.12475933769734308,0.11351084101028543
Large_Intestine,gamma-delta T cell,IL18,1856,0.010237068965517241,0.011559330055425907
Large_Intestine,intestinal crypt stem cell of colon,IL18,1732,0.6206697459584296,0.4693171806987289
Large_Intestine,large intestine goblet cell,IL18,1557,0.12588310854206808,0.11342125014188432
Large_Intestine,mast cell,IL18,393,0.3104325699745547,0.4145362219434355
Large_Intestine,monocyte,IL18,66,0.25757575757575757,0.22470385332902273
Large_Intestine,myeloid leukocyte,IL18,354,0.5169491525423728,0.5961347662628034
Large_Intestine,myofibroblast cell,IL18,82,0.012195121951219513,0.01631184031323689
Large_Intestine,"naive thymus-derived CD4-positive, alpha-beta T cell",IL18,228,0.0043859649122807015,0.003790613852049175
Large_Intestine,paneth cell of colon,IL18,217,0.5023041474654378,0.4031889273051155
Large_Intestine,plasma cell,IL18,3308,0.014510278113663845,0.012330902206355045
Large_Intestine,regulatory T cell,IL18,633,0.022116903633491312,0.019828164134921996
Large_Intestine,transit amplifying cell of colon,IL18,237,0.4472573839662447,0.3446194863394846
Large_Intestine,tuft cell of colon,IL18,178,0.016853932584269662,0.00821920203861226
Large_Intestine,B cell,TNFSF14,2069,0.0019333011116481392,0.002034621517574113
Large_Intestine,BEST4+ enterocyte,TNFSF14,1090,0.0,0.0
Large_Intestine,"CD4-positive, alpha-beta T cell",TNFSF14,4240,0.056839622641509435,0.06562796713046308
Large_Intestine,"CD8-positive, alpha-beta T cell",TNFSF14,2962,0.06515867656988521,0.07817044997038188
Large_Intestine,colon endothelial cell,TNFSF14,348,0.005747126436781609,0.00471461410152501
Large_Intestine,colon macrophage,TNFSF14,328,0.006097560975609756,0.0027085697142089286
Large_Intestine,enterocyte of epithelium of large intestine,TNFSF14,4567,0.00240858331508649,0.0002684888278220019
Large_Intestine,enteroglial cell,TNFSF14,848,0.0047169811320754715,0.005216046956912527
Large_Intestine,fibroblast,TNFSF14,2597,0.04582210242587601,0.043480284956725325
Large_Intestine,gamma-delta T cell,TNFSF14,1856,0.10129310344827586,0.10853891177424069
Large_Intestine,intestinal crypt stem cell of colon,TNFSF14,1732,0.0,0.0
Large_Intestine,large intestine goblet cell,TNFSF14,1557,0.0,0.0
Large_Intestine,mast cell,TNFSF14,393,0.01272264631043257,0.015991190614287786
Large_Intestine,monocyte,TNFSF14,66,0.10606060606060606,0.16728150393023636
Large_Intestine,myeloid leukocyte,TNFSF14,354,0.00847457627118644,0.00623234028870103
Large_Intestine,myofibroblast cell,TNFSF14,82,0.012195121951219513,0.011584564680006446
Large_Intestine,"naive thymus-derived CD4-positive, alpha-beta T cell",TNFSF14,228,0.008771929824561403,0.011301678000834951
Large_Intestine,paneth cell of colon,TNFSF14,217,0.013824884792626729,0.0028968026474212654
Large_Intestine,plasma cell,TNFSF14,3308,0.005743651753325272,0.0026694912837306995
Large_Intestine,regulatory T cell,TNFSF14,633,0.011058451816745656,0.01227302376127921
Large_Intestine,transit amplifying cell of colon,TNFSF14,237,0.0,0.0
Large_Intestine,tuft cell of colon,TNFSF14,178,0.0,0.0
Large_Intestine,B cell,IL4,2069,0.0004833252779120348,0.0003815036917032396
Large_Intestine,BEST4+ enterocyte,IL4,1090,0.0,0.0
Large_Intestine,"CD4-positive, alpha-beta T cell",IL4,4240,0.0014150943396226414,0.0015654218365561288
Large_Intestine,"CD8-positive, alpha-beta T cell",IL4,2962,0.001012829169480081,0.0011046950596558895
Large_Intestine,colon endothelial cell,IL4,348,0.0,0.0
Large_Intestine,colon macrophage,IL4,328,0.0,0.0
Large_Intestine,enterocyte of epithelium of large intestine,IL4,4567,0.0006568863586599519,1.8297032684981757e-05
Large_Intestine,enteroglial cell,IL4,848,0.0011792452830188679,0.0017103644193343396
Large_Intestine,fibroblast,IL4,2597,0.0,0.0
Large_Intestine,gamma-delta T cell,IL4,1856,0.0,0.0
Large_Intestine,intestinal crypt stem cell of colon,IL4,1732,0.0,0.0
Large_Intestine,large intestine goblet cell,IL4,1557,0.0012845215157353885,0.0009267427022440278
Large_Intestine,mast cell,IL4,393,0.010178117048346057,0.01318762805929014
Large_Intestine,monocyte,IL4,66,0.0,0.0
Large_Intestine,myeloid leukocyte,IL4,354,0.0,0.0
Large_Intestine,myofibroblast cell,IL4,82,0.0,0.0
Large_Intestine,"naive thymus-derived CD4-positive, alpha-beta T cell",IL4,228,0.0,0.0
Large_Intestine,paneth cell of colon,IL4,217,0.0,0.0
Large_Intestine,plasma cell,IL4,3308,0.0009068923821039903,0.0008953071527065937
Large_Intestine,regulatory T cell,IL4,633,0.0,0.0
Large_Intestine,transit amplifying cell of colon,IL4,237,0.0,0.0
Large_Intestine,tuft cell of colon,IL4,178,0.0,0.0
Large_Intestine,B cell,TSLP,2069,0.0,0.0
Large_Intestine,BEST4+ enterocyte,TSLP,1090,0.0,0.0
Large_Intestine,"CD4-positive, alpha-beta T cell",TSLP,4240,0.0002358490566037736,0.000339791937819067
Large_Intestine,"CD8-positive, alpha-beta T cell",TSLP,2962,0.00033760972316002703,0.0004974875314906994
Large_Intestine,colon endothelial cell,TSLP,348,0.014367816091954023,0.015244162063403377
Large_Intestine,colon macrophage,TSLP,328,0.006097560975609756,0.003251878408397116
Large_Intestine,enterocyte of epithelium of large intestine,TSLP,4567,0.00240858331508649,0.00013752226463476416
Large_Intestine,enteroglial cell,TSLP,848,0.020047169811320754,0.026829789550799243
Large_Intestine,fibroblast,TSLP,2597,0.04620716211012707,0.04504387572401985
Large_Intestine,gamma-delta T cell,TSLP,1856,0.0,0.0
Large_Intestine,intestinal crypt stem cell of colon,TSLP,1732,0.0,0.0
Large_Intestine,large intestine goblet cell,TSLP,1557,0.0006422607578676942,0.0006370585012221535
Large_Intestine,mast cell,TSLP,393,0.005089058524173028,0.005279331413540828
Large_Intestine,monocyte,TSLP,66,0.0,0.0
Large_Intestine,myeloid leukocyte,TSLP,354,0.0,0.0
Large_Intestine,myofibroblast cell,TSLP,82,0.036585365853658534,0.02461941394864059
Large_Intestine,"naive thymus-derived CD4-positive, alpha-beta T cell",TSLP,228,0.0,0.0
Large_Intestine,paneth cell of colon,TSLP,217,0.0,0.0
Large_Intestine,plasma cell,TSLP,3308,0.003325272067714631,0.001462381292571468
Large_Intestine,regulatory T cell,TSLP,633,0.001579778830963665,0.0017209561515193414
Large_Intestine,transit amplifying cell of colon,TSLP,237,0.0,0.0
Large_Intestine,tuft cell of colon,TSLP,178,0.0056179775280898875,0.00011463341920563345
Large_Intestine,B cell,IL5,2069,0.0014499758337361043,0.0026555852131776732
Large_Intestine,BEST4+ enterocyte,IL5,1090,0.001834862385321101,0.001425257133781363
Large_Intestine,"CD4-positive, alpha-beta T cell",IL5,4240,0.0016509433962264152,0.0015962422456381456
Large_Intestine,"CD8-positive, alpha-beta T cell",IL5,2962,0.00033760972316002703,0.00040734152307709995
Large_Intestine,colon endothelial cell,IL5,348,0.0,0.0
Large_Intestine,colon macrophage,IL5,328,0.003048780487804878,0.0015391605656321456
Large_Intestine,enterocyte of epithelium of large intestine,IL5,4567,0.0021896211955331727,0.0012937351711133534
Large_Intestine,enteroglial cell,IL5,848,0.0011792452830188679,0.0009598207642447274
Large_Intestine,fibroblast,IL5,2597,0.0050057758952637655,0.003810790189192944
Large_Intestine,gamma-delta T cell,IL5,1856,0.0005387931034482759,0.0007198934025805572
Large_Intestine,intestinal crypt stem cell of colon,IL5,1732,0.0005773672055427252,0.00013438956360343422
Large_Intestine,large intestine goblet cell,IL5,1557,0.0012845215157353885,0.0011914713534316576
Large_Intestine,mast cell,IL5,393,0.002544529262086514,0.003110344780007088
Large_Intestine,monocyte,IL5,66,0.0,0.0
Large_Intestine,myeloid leukocyte,IL5,354,0.002824858757062147,0.0016471656028833766
Large_Intestine,myofibroblast cell,IL5,82,0.012195121951219513,0.010699264160016687
Large_Intestine,"naive thymus-derived CD4-positive, alpha-beta T cell",IL5,228,0.0,0.0
Large_Intestine,paneth cell of colon,IL5,217,0.004608294930875576,1.0450065891314211e-05
Large_Intestine,plasma cell,IL5,3308,0.003022974607013301,0.0013136935138516354
Large_Intestine,regulatory T cell,IL5,633,0.00631911532385466,0.008017446004195612
Large_Intestine,transit amplifying cell of colon,IL5,237,0.004219409282700422,0.0006435858046455222
Large_Intestine,tuft cell of colon,IL5,178,0.0,0.0
Large_Intestine,B cell,IL13,2069,0.0004833252779120348,0.0009739793055641761
Large_Intestine,BEST4+ enterocyte,IL13,1090,0.0,0.0
Large_Intestine,"CD4-positive, alpha-beta T cell",IL13,4240,0.0,0.0
Large_Intestine,"CD8-positive, alpha-beta T cell",IL13,2962,0.0,0.0
Large_Intestine,colon endothelial cell,IL13,348,0.008620689655172414,0.013781962723567569
Large_Intestine,colon macrophage,IL13,328,0.003048780487804878,0.0010733165573783036
Large_Intestine,enterocyte of epithelium of large intestine,IL13,4567,0.0017516969564265383,8.545114098184866e-05
Large_Intestine,enteroglial cell,IL13,848,0.0011792452830188679,0.0011665562413773448
Large_Intestine,fibroblast,IL13,2597,0.0007701193685021178,0.00041293745597234175
Large_Intestine,gamma-delta T cell,IL13,1856,0.0,0.0
Large_Intestine,intestinal crypt stem cell of colon,IL13,1732,0.0005773672055427252,0.0009144669867553006
Large_Intestine,large intestine goblet cell,IL13,1557,0.002569043031470777,0.0019314416953976827
Large_Intestine,mast cell,IL13,393,0.21119592875318066,0.436171551545461
Large_Intestine,monocyte,IL13,66,0.0,0.0
Large_Intestine,myeloid leukocyte,IL13,354,0.005649717514124294,0.0033403193883303193
Large_Intestine,myofibroblast cell,IL13,82,0.0,0.0
Large_Intestine,"naive thymus-derived CD4-positive, alpha-beta T cell",IL13,228,0.0,0.0
Large_Intestine,paneth cell of colon,IL13,217,0.0,0.0
Large_Intestine,plasma cell,IL13,3308,0.0024183796856106408,0.0023790940714430203
Large_Intestine,regulatory T cell,IL13,633,0.001579778830963665,0.001382641600206565
Large_Intestine,transit amplifying cell of colon,IL13,237,0.0,0.0
Large_Intestine,tuft cell of colon,IL13,178,0.0,0.0
Large_Intestine,B cell,GATA3,2069,0.00918318028032866,0.008048082389020297
Large_Intestine,BEST4+ enterocyte,GATA3,1090,0.0,0.0
Large_Intestine,"CD4-positive, alpha-beta T cell",GATA3,4240,0.30589622641509434,0.4170766037692237
Large_Intestine,"CD8-positive, alpha-beta T cell",GATA3,2962,0.3200540175557056,0.44651041271895736
Large_Intestine,colon endothelial cell,GATA3,348,0.02586206896551724,0.016020597140679414
Large_Intestine,colon macrophage,GATA3,328,0.03048780487804878,0.01601296704171634
Large_Intestine,enterocyte of epithelium of large intestine,GATA3,4567,0.004598204510619663,0.0012365284818158333
Large_Intestine,enteroglial cell,GATA3,848,0.0,0.0
Large_Intestine,fibroblast,GATA3,2597,0.027339237581825184,0.022432662199495572
Large_Intestine,gamma-delta T cell,GATA3,1856,0.34752155172413796,0.4432158171006575
Large_Intestine,intestinal crypt stem cell of colon,GATA3,1732,0.0023094688221709007,0.0010143429144150115
Large_Intestine,large intestine goblet cell,GATA3,1557,0.002569043031470777,0.0013784127849451456
Large_Intestine,mast cell,GATA3,393,0.03307888040712468,0.03861955255649169
Large_Intestine,monocyte,GATA3,66,0.0,0.0
Large_Intestine,myeloid leukocyte,GATA3,354,0.01694915254237288,0.01281637812064866
Large_Intestine,myofibroblast cell,GATA3,82,0.012195121951219513,0.009488081059804776
Large_Intestine,"naive thymus-derived CD4-positive, alpha-beta T cell",GATA3,228,0.17543859649122806,0.20034404151272356
Large_Intestine,paneth cell of colon,GATA3,217,0.009216589861751152,3.16516833148107e-05
Large_Intestine,plasma cell,GATA3,3308,0.016021765417170496,0.0077282344435928374
Large_Intestine,regulatory T cell,GATA3,633,0.22748815165876776,0.3124508849252457
Large_Intestine,transit amplifying cell of colon,GATA3,237,0.016877637130801686,0.01986798405144285
Large_Intestine,tuft cell of colon,GATA3,178,0.011235955056179775,0.0006279173317585098
Small_Intestine,B cell,IL18,725,0.03586206896551724,0.029908674667621482
Small_Intestine,BEST4+ enterocyte,IL18,836,0.3456937799043062,0.3288110682838841
Small_Intestine,"CD4-positive, alpha-beta T cell",IL18,4900,0.007142857142857143,0.006151852254964867
Small_Intestine,"CD8-positive, alpha-beta T cell",IL18,3316,0.012364294330518697,0.010703734667079728
Small_Intestine,"activated CD4-positive, alpha-beta T cell",IL18,550,0.014545454545454545,0.014017207189039751
Small_Intestine,"activated CD8-positive, alpha-beta T cell",IL18,1095,0.02009132420091324,0.016895755132039388
Small_Intestine,endothelial cell of arteriole,IL18,126,0.0,0.0
Small_Intestine,endothelial cell of lymphatic vessel,IL18,70,0.02857142857142857,0.024768045970371792
Small_Intestine,enterocyte of epithelium proper of duodenum,IL18,12825,0.3241325536062378,0.2571013948129632
Small_Intestine,enterocyte of epithelium proper of ileum,IL18,6169,0.5166153347382072,0.48024200719084803
Small_Intestine,enterocyte of epithelium proper of jejunum,IL18,388,0.25773195876288657,0.24118030800954582
Small_Intestine,enterocyte of epithelium proper of small intestine,IL18,1357,0.18717759764185704,0.16015057976809918
Small_Intestine,enteroendocrine cell of small intestine,IL18,248,0.1693548387096774,0.09926827582380464
Small_Intestine,enteroglial cell,IL18,135,0.022222222222222223,0.023059048034526682
Small_Intestine,fibroblast,IL18,476,0.20588235294117646,0.20778189248115825
Small_Intestine,gamma-delta T cell,IL18,118,0.13559322033898305,0.12805375229504148
Small_Intestine,intestinal crypt stem cell of small intestine,IL18,557,0.36804308797127466,0.2595048320130236
Small_Intestine,intestinal tuft cell,IL18,433,0.023094688221709007,0.02125252766091609
Small_Intestine,macrophage,IL18,346,0.6358381502890174,0.7118599954615698
Small_Intestine,mast cell,IL18,236,0.3898305084745763,0.5219033562530906
Small_Intestine,monocyte,IL18,72,0.5277777777777778,0.5255063693556521
Small_Intestine,"naive thymus-derived CD4-positive, alpha-beta T cell",IL18,111,0.009009009009009009,0.005917428313074885
Small_Intestine,natural killer cell,IL18,155,0.07096774193548387,0.0670459174340771
Small_Intestine,neutrophil,IL18,73,0.1506849315068493,0.1842598110845644
Small_Intestine,paneth cell of epithelium of small intestine,IL18,1751,0.604797258709309,0.4564582323979933
Small_Intestine,plasma cell,IL18,777,0.02702702702702703,0.014153767698366517
Small_Intestine,small intestine goblet cell,IL18,1947,0.0847457627118644,0.06260423624527396
Small_Intestine,B cell,TNFSF14,725,0.002758620689655172,0.002424000542739342
Small_Intestine,BEST4+ enterocyte,TNFSF14,836,0.0011961722488038277,0.0011421325104088303
Small_Intestine,"CD4-positive, alpha-beta T cell",TNFSF14,4900,0.03571428571428571,0.03463218250444957
Small_Intestine,"CD8-positive, alpha-beta T cell",TNFSF14,3316,0.07569360675512665,0.0787199776174795
Small_Intestine,"activated CD4-positive, alpha-beta T cell",TNFSF14,550,0.14363636363636365,0.1813740087300539
Small_Intestine,"activated CD8-positive, alpha-beta T cell",TNFSF14,1095,0.1132420091324201,0.14236487983024285
Small_Intestine,endothelial cell of arteriole,TNFSF14,126,0.0,0.0
Small_Intestine,endothelial cell of lymphatic vessel,TNFSF14,70,0.0,0.0
Small_Intestine,enterocyte of epithelium proper of duodenum,TNFSF14,12825,0.00046783625730994154,0.0002114247264917831
Small_Intestine,enterocyte of epithelium proper of ileum,TNFSF14,6169,0.006321932241854434,0.0028014158001835334
Small_Intestine,enterocyte of epithelium proper of jejunum,TNFSF14,388,0.0,0.0
Small_Intestine,enterocyte of epithelium proper of small intestine,TNFSF14,1357,0.015475313190862197,0.004074280045572435
Small_Intestine,enteroendocrine cell of small intestine,TNFSF14,248,0.008064516129032258,0.006037725255854668
Small_Intestine,enteroglial cell,TNFSF14,135,0.0,0.0
Small_Intestine,fibroblast,TNFSF14,476,0.058823529411764705,0.043958363290523966
Small_Intestine,gamma-delta T cell,TNFSF14,118,0.288135593220339,0.2642819488705215
Small_Intestine,intestinal crypt stem cell of small intestine,TNFSF14,557,0.00718132854578097,0.0004749913562818211
Small_Intestine,intestinal tuft cell,TNFSF14,433,0.0023094688221709007,0.0008465729602214646
Small_Intestine,macrophage,TNFSF14,346,0.014450867052023121,0.006516550791401394
Small_Intestine,mast cell,TNFSF14,236,0.012711864406779662,0.012944931195954145
Small_Intestine,monocyte,TNFSF14,72,0.05555555555555555,0.048186014509863324
Small_Intestine,"naive thymus-derived CD4-positive, alpha-beta T cell",TNFSF14,111,0.02702702702702703,0.026008223628138635
Small_Intestine,natural killer cell,TNFSF14,155,0.1870967741935484,0.2275881471172456
Small_Intestine,neutrophil,TNFSF14,73,0.1095890410958904,0.14612192813664265
Small_Intestine,paneth cell of epithelium of small intestine,TNFSF14,1751,0.0017133066818960593,0.00022227363022675112
Small_Intestine,plasma cell,TNFSF14,777,0.010296010296010296,0.00571482625707236
Small_Intestine,small intestine goblet cell,TNFSF14,1947,0.005136106831022085,0.001956396257389063
Small_Intestine,B cell,IL4,725,0.0,0.0
Small_Intestine,BEST4+ enterocyte,IL4,836,0.0,0.0
Small_Intestine,"CD4-positive, alpha-beta T cell",IL4,4900,0.0012244897959183673,0.0011851558028435222
Small_Intestine,"CD8-positive, alpha-beta T cell",IL4,3316,0.0015078407720144752,0.0010868303558651013
Small_Intestine,"activated CD4-positive, alpha-beta T cell",IL4,550,0.005454545454545455,0.004779136614366011
Small_Intestine,"activated CD8-positive, alpha-beta T cell",IL4,1095,0.0018264840182648401,0.002801286902057526
Small_Intestine,endothelial cell of arteriole,IL4,126,0.0,0.0
Small_Intestine,endothelial cell of lymphatic vessel,IL4,70,0.0,0.0
Small_Intestine,enterocyte of epithelium proper of duodenum,IL4,12825,0.0009356725146198831,0.0005008255064371269
Small_Intestine,enterocyte of epithelium proper of ileum,IL4,6169,0.0009726049602852974,0.0008291418074324792
Small_Intestine,enterocyte of epithelium proper of jejunum,IL4,388,0.002577319587628866,0.0012285071857196768
Small_Intestine,enterocyte of epithelium proper of small intestine,IL4,1357,0.0029476787030213707,0.00046009173106838653
Small_Intestine,enteroendocrine cell of small intestine,IL4,248,0.0,0.0
Small_Intestine,enteroglial cell,IL4,135,0.0,0.0
Small_Intestine,fibroblast,IL4,476,0.0,0.0
Small_Intestine,gamma-delta T cell,IL4,118,0.0,0.0
Small_Intestine,intestinal crypt stem cell of small intestine,IL4,557,0.003590664272890485,0.001076819839982627
Small_Intestine,intestinal tuft cell,IL4,433,0.0,0.0
Small_Intestine,macrophage,IL4,346,0.0,0.0
Small_Intestine,mast cell,IL4,236,0.0,0.0
Small_Intestine,monocyte,IL4,72,0.0,0.0
Small_Intestine,"naive thymus-derived CD4-positive, alpha-beta T cell",IL4,111,0.0,0.0
Small_Intestine,natural killer cell,IL4,155,0.0,0.0
Small_Intestine,neutrophil,IL4,73,0.0,0.0
Small_Intestine,paneth cell of epithelium of small intestine,IL4,1751,0.0,0.0
Small_Intestine,plasma cell,IL4,777,0.001287001287001287,1.7464052744334422e-06
Small_Intestine,small intestine goblet cell,IL4,1947,0.0005136106831022085,0.00031339424233223516
Small_Intestine,B cell,TSLP,725,0.0,0.0
Small_Intestine,BEST4+ enterocyte,TSLP,836,0.0,0.0
Small_Intestine,"CD4-positive, alpha-beta T cell",TSLP,4900,0.00040816326530612246,0.000420767178340834
Small_Intestine,"CD8-positive, alpha-beta T cell",TSLP,3316,0.0009047044632086852,0.0007641233854328335
Small_Intestine,"activated CD4-positive, alpha-beta T cell",TSLP,550,0.0,0.0
Small_Intestine,"activated CD8-positive, alpha-beta T cell",TSLP,1095,0.0,0.0
Small_Intestine,endothelial cell of arteriole,TSLP,126,0.015873015873015872,0.0059379105057035175
Small_Intestine,endothelial cell of lymphatic vessel,TSLP,70,0.014285714285714285,0.005818910258156913
Small_Intestine,enterocyte of epithelium proper of duodenum,TSLP,12825,0.00023391812865497077,9.734878298367208e-05
Small_Intestine,enterocyte of epithelium proper of ileum,TSLP,6169,0.0004863024801426487,9.449344556515985e-05
Small_Intestine,enterocyte of epithelium proper of jejunum,TSLP,388,0.0,0.0
Small_Intestine,enterocyte of epithelium proper of small intestine,TSLP,1357,0.004421518054532056,0.0011377992275237554
Small_Intestine,enteroendocrine cell of small intestine,TSLP,248,0.0,0.0
Small_Intestine,enteroglial cell,TSLP,135,0.014814814814814815,0.011387316385904948
Small_Intestine,fibroblast,TSLP,476,0.04411764705882353,0.027939242850832578
Small_Intestine,gamma-delta T cell,TSLP,118,0.0,0.0
Small_Intestine,intestinal crypt stem cell of small intestine,TSLP,557,0.0,0.0
Small_Intestine,intestinal tuft cell,TSLP,433,0.0,0.0
Small_Intestine,macrophage,TSLP,346,0.011560693641618497,0.005941469803710893
Small_Intestine,mast cell,TSLP,236,0.01694915254237288,0.020184595706099172
Small_Intestine,monocyte,TSLP,72,0.0,0.0
Small_Intestine,"naive thymus-derived CD4-positive, alpha-beta T cell",TSLP,111,0.0,0.0
Small_Intestine,natural killer cell,TSLP,155,0.0,0.0
Small_Intestine,neutrophil,TSLP,73,0.0136986301369863,0.019035406308631375
Small_Intestine,paneth cell of epithelium of small intestine,TSLP,1751,0.001142204454597373,0.00011529446859285023
Small_Intestine,plasma cell,TSLP,777,0.01287001287001287,0.005019434579999271
Small_Intestine,small intestine goblet cell,TSLP,1947,0.0,0.0
Small_Intestine,B cell,IL5,725,0.001379310344827586,0.0012315677774363551
Small_Intestine,BEST4+ enterocyte,IL5,836,0.0035885167464114833,0.0013873342192914496
Small_Intestine,"CD4-positive, alpha-beta T cell",IL5,4900,0.0034693877551020408,0.0028776465143476215
Small_Intestine,"CD8-positive, alpha-beta T cell",IL5,3316,0.0021109770808202654,0.002078355742737525
Small_Intestine,"activated CD4-positive, alpha-beta T cell",IL5,550,0.0018181818181818182,0.0021343937787142667
Small_Intestine,"activated CD8-positive, alpha-beta T cell",IL5,1095,0.0027397260273972603,0.00207985212269439
Small_Intestine,endothelial cell of arteriole,IL5,126,0.0,0.0
Small_Intestine,endothelial cell of lymphatic vessel,IL5,70,0.014285714285714285,0.009858729158129012
Small_Intestine,enterocyte of epithelium proper of duodenum,IL5,12825,0.01138401559454191,0.006468317402966074
Small_Intestine,enterocyte of epithelium proper of ileum,IL5,6169,0.011184957043280921,0.0053505814260013445
Small_Intestine,enterocyte of epithelium proper of jejunum,IL5,388,0.007731958762886598,0.005061008573807392
Small_Intestine,enterocyte of epithelium proper of small intestine,IL5,1357,0.005158437730287398,0.0024540404232895564
Small_Intestine,enteroendocrine cell of small intestine,IL5,248,0.004032258064516129,0.0008549177718739356
Small_Intestine,enteroglial cell,IL5,135,0.007407407407407408,0.005948845545450846
Small_Intestine,fibroblast,IL5,476,0.008403361344537815,0.00519116736259781
Small_Intestine,gamma-delta T cell,IL5,118,0.00847457627118644,0.002980911630695149
Small_Intestine,intestinal crypt stem cell of small intestine,IL5,557,0.003590664272890485,0.0014457610072952628
Small_Intestine,intestinal tuft cell,IL5,433,0.0,0.0
Small_Intestine,macrophage,IL5,346,0.005780346820809248,0.002712177747935918
Small_Intestine,mast cell,IL5,236,0.00423728813559322,0.006270400043261253
Small_Intestine,monocyte,IL5,72,0.013888888888888888,0.004316750086016125
Small_Intestine,"naive thymus-derived CD4-positive, alpha-beta T cell",IL5,111,0.0,0.0
Small_Intestine,natural killer cell,IL5,155,0.0064516129032258064,0.006903142313803396
Small_Intestine,neutrophil,IL5,73,0.0,0.0
Small_Intestine,paneth cell of epithelium of small intestine,IL5,1751,0.013135351227869789,0.0032892338471483974
Small_Intestine,plasma cell,IL5,777,0.001287001287001287,0.00025006248453869325
Small_Intestine,small intestine goblet cell,IL5,1947,0.004108885464817668,0.0023399508483114765
Small_Intestine,B cell,IL13,725,0.0,0.0
Small_Intestine,BEST4+ enterocyte,IL13,836,0.0,0.0
Small_Intestine,"CD4-positive, alpha-beta T cell",IL13,4900,0.00040816326530612246,0.00036465622940841987
Small_Intestine,"CD8-positive, alpha-beta T cell",IL13,3316,0.0,0.0
Small_Intestine,"activated CD4-positive, alpha-beta T cell",IL13,550,0.0018181818181818182,0.002318324175747958
Small_Intestine,"activated CD8-positive, alpha-beta T cell",IL13,1095,0.0009132420091324201,0.0004958213736477508
Small_Intestine,endothelial cell of arteriole,IL13,126,0.0,0.0
Small_Intestine,endothelial cell of lymphatic vessel,IL13,70,0.0,0.0
Small_Intestine,enterocyte of epithelium proper of duodenum,IL13,12825,7.797270955165692e-05,3.072639654951486e-05
Small_Intestine,enterocyte of epithelium proper of ileum,IL13,6169,0.0003242016534284325,0.0002910080692682685
Small_Intestine,enterocyte of epithelium proper of jejunum,IL13,388,0.0,0.0
Small_Intestine,enterocyte of epithelium proper of small intestine,IL13,1357,0.006632277081798084,0.0007106174063555177
Small_Intestine,enteroendocrine cell of small intestine,IL13,248,0.0,0.0
Small_Intestine,enteroglial cell,IL13,135,0.0,0.0
Small_Intestine,fibroblast,IL13,476,0.0021008403361344537,0.0010041687167993113
Small_Intestine,gamma-delta T cell,IL13,118,0.0,0.0
Small_Intestine,intestinal crypt stem cell of small intestine,IL13,557,0.0,0.0
Small_Intestine,intestinal tuft cell,IL13,433,0.0,0.0
Small_Intestine,macrophage,IL13,346,0.0,0.0
Small_Intestine,mast cell,IL13,236,0.07627118644067797,0.11176403801319963
Small_Intestine,monocyte,IL13,72,0.0,0.0
Small_Intestine,"naive thymus-derived CD4-positive, alpha-beta T cell",IL13,111,0.0,0.0
Small_Intestine,natural killer cell,IL13,155,0.0,0.0
Small_Intestine,neutrophil,IL13,73,0.0273972602739726,0.01046486765350381
Small_Intestine,paneth cell of epithelium of small intestine,IL13,1751,0.0,0.0
Small_Intestine,plasma cell,IL13,777,0.001287001287001287,2.194179355033806e-06
Small_Intestine,small intestine goblet cell,IL13,1947,0.0005136106831022085,0.0003449486106496379
Small_Intestine,B cell,GATA3,725,0.008275862068965517,0.005774439778821222
Small_Intestine,BEST4+ enterocyte,GATA3,836,0.0,0.0
Small_Intestine,"CD4-positive, alpha-beta T cell",GATA3,4900,0.39918367346938777,0.47186021591669747
Small_Intestine,"CD8-positive, alpha-beta T cell",GATA3,3316,0.36369119420989143,0.426448414093771
Small_Intestine,"activated CD4-positive, alpha-beta T cell",GATA3,550,0.3109090909090909,0.36693525252017106
Small_Intestine,"activated CD8-positive, alpha-beta T cell",GATA3,1095,0.25662100456621006,0.31293747563884683
Small_Intestine,endothelial cell of arteriole,GATA3,126,0.007936507936507936,0.007801347308688694
Small_Intestine,endothelial cell of lymphatic vessel,GATA3,70,0.0,0.0
Small_Intestine,enterocyte of epithelium proper of duodenum,GATA3,12825,0.00023391812865497077,0.00022165143234223185
Small_Intestine,enterocyte of epithelium proper of ileum,GATA3,6169,0.0016210082671421625,0.0005236116121240017
Small_Intestine,enterocyte of epithelium proper of jejunum,GATA3,388,0.0,0.0
Small_Intestine,enterocyte of epithelium proper of small intestine,GATA3,1357,0.013264554163596167,0.005749541943221625
Small_Intestine,enteroendocrine cell of small intestine,GATA3,248,0.004032258064516129,0.0016967666245275928
Small_Intestine,enteroglial cell,GATA3,135,0.014814814814814815,0.01097142254864728
Small_Intestine,fibroblast,GATA3,476,0.029411764705882353,0.022938224635705228
Small_Intestine,gamma-delta T cell,GATA3,118,0.5169491525423728,0.6504615873603498
Small_Intestine,intestinal crypt stem cell of small intestine,GATA3,557,0.0017953321364452424,0.0006208376460700317
Small_Intestine,intestinal tuft cell,GATA3,433,0.023094688221709007,0.016919421716044738
Small_Intestine,macrophage,GATA3,346,0.011560693641618497,0.0039551918545597895
Small_Intestine,mast cell,GATA3,236,0.012711864406779662,0.008602639123544855
Small_Intestine,monocyte,GATA3,72,0.013888888888888888,0.004186656326055527
Small_Intestine,"naive thymus-derived CD4-positive, alpha-beta T cell",GATA3,111,0.3063063063063063,0.3320273966402621
Small_Intestine,natural killer cell,GATA3,155,0.36774193548387096,0.4773326781488234
Small_Intestine,neutrophil,GATA3,73,0.0,0.0
Small_Intestine,paneth cell of epithelium of small intestine,GATA3,1751,0.006282124500285551,0.0017243013714574732
Small_Intestine,plasma cell,GATA3,777,0.0489060489060489,0.0202650555710343
Small_Intestine,small intestine goblet cell,GATA3,1947,0.0025680534155110425,0.0008677544983981142
