st_id,source_table,n_data_rows,file
ST01,r5_orthogonal_aging_mr,15,ST01_r5_orthogonal_aging_mr.csv
ST02,r5_aging_instruments_clumped,384,ST02_r5_aging_instruments_clumped.csv
ST03,r5_presso_summary,3,ST03_r5_presso_summary.csv
ST04,r5_presso_outliers,279,ST04_r5_presso_outliers.csv
ST05,r5_raps_vs_ivw,18,ST05_r5_raps_vs_ivw.csv
ST06,r5_bidirectional_matrix,27,ST06_r5_bidirectional_matrix.csv
ST07,r5_reverse_mr_components,120,ST07_r5_reverse_mr_components.csv
ST08,r5_winners_curse_corrected,6,ST08_r5_winners_curse_corrected.csv
ST09,r5_astle_selection_sensitivity,8,ST09_r5_astle_selection_sensitivity.csv
ST10,r5_heterogeneity_snp_clusters,93,ST10_r5_heterogeneity_snp_clusters.csv
ST11,r5_heterogeneity_cluster_enrichment,92,ST11_r5_heterogeneity_cluster_enrichment.csv
ST12,r5_cluster_annotation_enrichment,3,ST12_r5_cluster_annotation_enrichment.csv
ST13,r5_snp_clusters,93,ST13_r5_snp_clusters.csv
ST14,r5_nhanes_weighted_results,22,ST14_r5_nhanes_weighted_results.csv
ST15,r5_nhanes_weighted_vs_unweighted,20,ST15_r5_nhanes_weighted_vs_unweighted.csv
ST16,r5_age_interaction,12,ST16_r5_age_interaction.csv
ST17,r5_age_interaction_results,34,ST17_r5_age_interaction_results.csv
ST18,r5_age_stratified_or,22,ST18_r5_age_stratified_or.csv
ST19,r5_ige_validation_weighted,8,ST19_r5_ige_validation_weighted.csv
ST20,r5_threshold_weighted_bootstrap,2,ST20_r5_threshold_weighted_bootstrap.csv
ST21,r5_mortality_cox_weighted,8,ST21_r5_mortality_cox_weighted.csv
ST22,r5_il4_locus_coloc,10,ST22_r5_il4_locus_coloc.csv
ST23,r5_il4_locus_coloc_IL4_eQTLGen_ALLERG_ASTHMA_persnp,175,ST23_r5_il4_locus_coloc_IL4_eQTLGen_ALLERG_ASTHMA_persnp.csv
ST24,r5_il4_locus_coloc_IL4_eQTLGen_ALLERG_RHINITIS_persnp,175,ST24_r5_il4_locus_coloc_IL4_eQTLGen_ALLERG_RHINITIS_persnp.csv
ST25,r5_il4_locus_coloc_IL4_eQTLGen_L12_ATOPIC_persnp,175,ST25_r5_il4_locus_coloc_IL4_eQTLGen_L12_ATOPIC_persnp.csv
ST26,r5_il4_locus_coloc_IL4_DICE_TREG_NAIVE_ALLERG_ASTHMA_persnp,42,ST26_r5_il4_locus_coloc_IL4_DICE_TREG_NAIVE_ALLERG_ASTHMA_persnp.csv
ST27,r5_il4_locus_coloc_IL4_DICE_TREG_NAIVE_ALLERG_RHINITIS_persnp,42,ST27_r5_il4_locus_coloc_IL4_DICE_TREG_NAIVE_ALLERG_RHINITIS_persnp.csv
ST28,r5_il4_locus_coloc_IL4_DICE_TREG_NAIVE_L12_ATOPIC_persnp,42,ST28_r5_il4_locus_coloc_IL4_DICE_TREG_NAIVE_L12_ATOPIC_persnp.csv
ST29,r5_il4_locus_coloc_IL13_DICE_TH1_ALLERG_ASTHMA_persnp,6,ST29_r5_il4_locus_coloc_IL13_DICE_TH1_ALLERG_ASTHMA_persnp.csv
ST30,r5_il4_locus_coloc_IL13_DICE_TH1_ALLERG_RHINITIS_persnp,6,ST30_r5_il4_locus_coloc_IL13_DICE_TH1_ALLERG_RHINITIS_persnp.csv
ST31,r5_il4_locus_coloc_IL13_DICE_TH1_L12_ATOPIC_persnp,6,ST31_r5_il4_locus_coloc_IL13_DICE_TH1_L12_ATOPIC_persnp.csv
ST32,r5_il4_il13_direction,6,ST32_r5_il4_il13_direction.csv
ST33,r5_il4_celltype_eqtl,30,ST33_r5_il4_celltype_eqtl.csv
ST34,r5_celltype_mr_matrix,304,ST34_r5_celltype_mr_matrix.csv
ST35,r5_celltype_replication,33,ST35_r5_celltype_replication.csv
ST36,r5_ewas_convergence,4716,ST36_r5_ewas_convergence.csv
ST37,r5_ewas_overlap_enrichment,4,ST37_r5_ewas_overlap_enrichment.csv
ST38,r5_ewas_overlap_genes,4957,ST38_r5_ewas_overlap_genes.csv
ST39,r5_ewas_study_classification,7639,ST39_r5_ewas_study_classification.csv
ST40,r5_gene_coords_extended,38,ST40_r5_gene_coords_extended.csv
ST41,r5_pqtl_instruments,93,ST41_r5_pqtl_instruments.csv
ST42,r5_pqtl_instrument_qc,47,ST42_r5_pqtl_instrument_qc.csv
ST43,r5_pqtl_mr_results,235,ST43_r5_pqtl_mr_results.csv
ST44,r5_pqtl_drug_target_mr,4,ST44_r5_pqtl_drug_target_mr.csv
ST45,r5_pqtl_coloc,4,ST45_r5_pqtl_coloc.csv
ST46,r5_pqtl_coloc_IL18_L12_ATOPIC_persnp,1171,ST46_r5_pqtl_coloc_IL18_L12_ATOPIC_persnp.csv
ST47,r5_pqtl_coloc_TNFSF14_L12_ATOPIC_persnp,2512,ST47_r5_pqtl_coloc_TNFSF14_L12_ATOPIC_persnp.csv
ST48,r5_pqtl_coloc_TNF_L12_ATOPIC_persnp,9300,ST48_r5_pqtl_coloc_TNF_L12_ATOPIC_persnp.csv
ST49,r5_pqtl_coloc_TRAIL_L12_ATOPIC_persnp,1020,ST49_r5_pqtl_coloc_TRAIL_L12_ATOPIC_persnp.csv
ST50,r5_pqtl_drug_map,21,ST50_r5_pqtl_drug_map.csv
ST51,r5_pqtl_build_check,47,ST51_r5_pqtl_build_check.csv
ST52,r5_pharmacovigilance_summary,87,ST52_r5_pharmacovigilance_summary.csv
ST53,r5_canada_vigilance_ror,253,ST53_r5_canada_vigilance_ror.csv
ST54,r5_two_database_concordance,21,ST54_r5_two_database_concordance.csv
ST55,r5_target_vs_ae_direction,29,ST55_r5_target_vs_ae_direction.csv
ST56,r5_trial_ae_summary,23,ST56_r5_trial_ae_summary.csv
